idno,0,1,2,3,4,5,6,7,8,9,10,11,12,13,14,15,16,17,18,19,20,21,22,23,24,25,26,27,28,29,30,31,32,33,34,35,36,37,38,39,40,41,42,43,44,45,46,47,48,49,50,51,52,53,54,55,56,57,58,59,60,61,62,63,64,65,66,67,68,69,70,71,72,73,74,75,76,77,78,79,80,81,82,83,84,85,86,87,88,89,90,91,92,93,94,95,96,97,98,99
nh0006,2.3038089360058458e-05,0.0006393208200218394,0.00034090149612459866,0.01364082208742374,1.7511857250585265e-05,0.0058845371962252474,0.0003269852188369368,2.6636060184762756e-05,1.4167527871182404e-05,0.1628198709077654,4.6310960308995534e-05,0.009444218212990343,0.00844083794888053,2.1051965176014865e-05,1.586533274984213e-05,2.6819506264120525e-05,3.068546449771032e-05,6.0323527024414464e-05,0.003475259937104572,0.0004971636773355365,0.006594333985893488,6.999133855611695e-05,0.0005042997448834798,0.004265178108234155,8.670261872901809e-05,0.0008418742103489683,2.0477073275496613e-05,0.00030662132355115714,0.003609209537571785,0.0011228443769621512,0.01781352218632513,0.000330251141122803,2.3140510639084767e-05,0.007915326641590479,3.108414820853897e-05,0.00015232879335410468,1.1679459742681136e-05,1.162187130756621e-05,3.599906324535946e-05,0.0011539760400235482,4.0695229836773056e-05,1.8274497769880813e-05,0.044868772973064616,4.361690345971501e-05,0.0017902806986060129,0.0028446406348043908,0.005990116617149485,0.004017949642695755,0.03206266130567551,0.02604598465996172,0.08864949855581042,0.01917871127012387,3.8724043906315945e-05,0.017483734588886298,2.606504484469856e-05,2.344923044034538e-05,3.667742864818261e-05,0.005859943306766252,0.0006296228591246487,0.0020473512252466553,1.3103297669234755e-05,0.008399206902552308,0.014802258570907785,1.9680607111205955e-05,0.001100669087616092,0.00306480378791176,7.519920255525374e-06,0.00020412109196756768,0.004775935502846522,0.016463048918021844,4.0361134404774665e-05,0.0016336642865675385,0.0003761104809949097,0.003082620142471672,0.003352044515675981,0.0001780771642558684,0.009795796557777136,0.1902776950220505,5.45045265113133e-05,0.02484416629444948,3.0707412012809886e-05,0.008351165286071063,0.003194108559853111,1.8841234919180467e-05,0.019987015191189905,2.5578065569575826e-05,0.07079178226887807,0.0006161233828606189,0.013101653489703291,1.3980251757804093e-05,0.0034665085098386905,0.0043594968143042465,2.013129402486149e-05,0.04340354430220108,0.03369659812989607,0.00017264493956402119,3.0171495564610584e-05,0.0018507608908686784,0.011952399243977507,4.184074114277783e-05
nh0013,0.0001655015202110184,0.019380079145059386,0.000434841791561956,0.000668611419859091,2.421169055688551e-05,0.01245623792468242,0.004133129209018364,3.682670761986145e-05,1.958785957792428e-05,0.0007585145623802195,0.00019930548648284082,0.0005698203612947699,0.026101264238599164,0.0005731560501889966,2.1935224895027127e-05,0.013404399470084658,0.023631241290207317,8.340260822798967e-05,0.0006175290607665071,8.115517807021904e-05,0.0153859501874069,0.003464730817270592,0.000221767563028021,0.020194077358444102,0.007178208212819759,2.84896407650461e-05,2.8311363812677508e-05,0.02208020869524801,5.356806864552384e-05,0.004883138579854074,0.00042426303507603043,5.718488168836968e-05,3.199380139437308e-05,6.675469395959052e-05,4.297658248809445e-05,2.7775312484648645e-05,1.61478854649724e-05,1.6068264363069494e-05,4.97718869656309e-05,0.0011266549892715856,5.626475238178143e-05,0.0009722015408493759,0.0028270725810797303,6.030422441805109e-05,5.27296026945214e-05,0.008479130103046387,0.0071247279052902065,5.40895596281479e-05,0.030230871231564795,0.2490050669772938,0.013644343265141098,0.0029272027397088665,0.0021905961445689,0.009586668590368028,3.603722843903916e-05,3.242063380797418e-05,5.070978709710336e-05,0.016083043592326398,1.9690961848996727e-05,0.00038620917936437203,1.811646725430383e-05,0.04271033269155392,0.00020002646698964022,2.7210178939314607e-05,0.00011650709301746758,6.568322022382957e-05,1.0396954453997211e-05,0.015276564242158982,0.0007133398343459492,0.003493969416298421,0.0009505107919244738,6.469277134549538e-05,0.014968882569852512,3.5107028823094805e-05,2.519992984952141e-05,3.350284655163352e-05,0.0336397296242251,0.017487007928911634,7.535732566557875e-05,0.0036539731706944703,4.2455711397036093e-05,0.033819462282645166,0.0008398113442914637,0.0012435380857285226,0.0024896925022388967,0.004312142345765957,0.09948050279898388,5.301201223766184e-05,0.002641353260668443,1.9328933797469987e-05,0.0004467090215116401,0.01820433414401632,0.00016384575531156058,0.041469410844993816,0.02337898744086993,2.9183348151721558e-05,4.171475953667799e-05,0.06756596328693193,0.047576419824112995,5.7848523016359584e-05
nh0014,0.0001883202301261593,0.0001213320881724448,4.6492278043817416e-05,0.0070562041723316515,2.1523331406993425e-05,0.026534191818896647,4.589326696013025e-05,3.273763270963798e-05,1.7412910191412378e-05,0.0021923717578910553,5.6919499299442735e-05,3.131204716290899e-05,0.00013976621048254528,0.0010189536123213748,0.0015097142507912518,3.2963101128254685e-05,3.771464170310533e-05,0.011797821495598585,0.004912604852678902,0.003213366808251513,0.0007854968380152423,0.0004068573758725692,8.92891205839825e-05,0.0012322468411370949,0.00010656375106623734,2.5326276924429488e-05,2.5167795057207426e-05,0.004903303692472335,0.003486964977576663,0.00014214958085061793,0.0006191274507665558,0.00021166355230752636,2.8441351039189905e-05,5.934254767088474e-05,0.0010415233509532404,2.4691264500317293e-05,0.0003343644200087958,0.00017979732091133037,4.424543653388292e-05,0.0015902716122805766,0.00037701888873430584,0.0046193506019371324,0.006280259651841866,5.360830976845185e-05,0.0003732161734413305,0.012933146100007384,0.0013135535490512705,0.0003791101051638825,0.010514257907094423,0.004914221826432166,0.0626130022260309,0.0010100818729747462,4.759463365239267e-05,0.017945274532357704,3.203581380906032e-05,2.882078986737081e-05,4.5079196378488374e-05,0.0010056501568699394,1.7504564441820554e-05,0.0002612640466691574,1.6104894770655948e-05,0.003684586311430456,5.756042531612747e-05,2.418888088704357e-05,0.001238738207580253,0.0005856480560945841,9.242522566155907e-06,6.462941208601003e-05,0.000192858560370282,0.00045545412522733067,4.960673555782534e-05,5.750957183408912e-05,7.824430125388179e-05,3.120889944876032e-05,2.240184097470993e-05,2.9782838489292732e-05,0.002226200183447989,0.12033031496088252,0.015879478462383998,0.0032766753502998587,0.00020151994394852145,0.0006458236770436931,0.010105257879117178,2.3157232124478688e-05,0.005591976896845746,0.0009102006320227812,0.06911890706379753,4.7125792610888205e-05,8.312767160689116e-05,1.7182734385661088e-05,3.6340465821160136e-05,0.0003054455599135457,2.4742807501713683e-05,0.2898064940294815,0.11220228886336288,2.5942958107753518e-05,0.00020259614256950864,0.0005467915087051722,0.16231470728792746,0.00037143480300384736
nh0018,0.0007884326642823937,0.02990112185585451,4.0220086473986627e-05,0.0003999368670676503,1.8619656571391974e-05,0.01245093399577656,0.008137288829810187,2.8321056182583642e-05,0.003896567807427032,0.00024657623688475474,4.924058962484077e-05,2.7087793878003354e-05,0.2360916699317577,2.238371156875436e-05,1.6868973003023176e-05,0.0009343098188450607,0.07850708575487586,0.004600919221588121,0.0004627417912886089,0.0011731625470568644,0.0006922762785735407,0.029270321987590914,0.00039688320242757584,0.021774174174656092,0.0053933526841527845,2.1909553388729765e-05,2.1772452031850174e-05,0.008776970828014395,4.119576198237633e-05,0.0013167595822510712,0.004013860401666115,0.003725131200706893,2.4604378326119605e-05,0.0008152739351973537,0.00047209372014583634,0.0017819121128772372,0.00020066987048121434,1.2357070376219796e-05,3.827636240570717e-05,0.0009776662072208456,4.326960828950647e-05,1.943054169645412e-05,0.0010768653041448963,4.637610685755846e-05,0.00020037091179261234,0.0036396873918403674,0.0011766158633640725,4.159680721210634e-05,0.00525051448326413,0.003330662409639235,0.013862380944588965,0.0010359895003254306,0.0004608691513415376,0.02160171922725516,2.771391843717765e-05,0.013393863792663104,3.8997641174128994e-05,0.0151649795539054,1.5143054398753376e-05,8.226222223374132e-05,1.3932211704484855e-05,0.09972307828219423,0.0009290288711991834,2.092560145297568e-05,8.959812430361408e-05,5.05127471457382e-05,0.002267014453616757,0.0008493041648965152,2.8421549963687768e-05,0.0008531543793987178,4.2914377995148483e-05,4.97510565102671e-05,6.768850000341674e-05,2.699856164079736e-05,1.9379647956380285e-05,2.5764888060576e-05,0.03531912953974227,0.033557207588374965,5.7952480465375266e-05,7.379193234533285e-05,0.00022090153017652133,0.00012914440980213492,2.1650204913105108e-05,2.0033130612935634e-05,0.009157795970922098,2.7196132874491668e-05,0.03577080642515669,4.076813470354645e-05,7.191306343946581e-05,1.486464187019406e-05,3.143783740720322e-05,0.0026817056919587754,0.0001613032741736359,0.10016959187546526,0.03839204194361486,2.2443039196777214e-05,0.001142831453637299,0.021615261987022148,0.07752330327890761,0.0006491976264597798
nh0021,2.9266427779888702e-05,0.0007605479820836224,4.805369635110542e-05,0.001885186367905834,2.224618098775676e-05,0.025735509275930227,0.030022168835198437,0.0011244602686349186,1.799771347273166e-05,0.00010501714688236788,5.8831110259096164e-05,0.013593789142939298,0.017268375581883856,2.6743355701916057e-05,0.00017813704491937104,3.407014926037964e-05,3.89812677856676e-05,0.0010279440294122524,0.026217165182841597,7.456698553130524e-05,0.013625391316883971,8.891346947467254e-05,0.0008838059353197184,0.02854357000638504,0.006604597158364909,0.00018496210154359265,0.0008129419659727117,0.006171180576949542,4.92194028109285e-05,0.00014692359854242225,0.0012925876945798745,5.25426022942932e-05,2.939653861151625e-05,0.005432741408709806,3.948773548130095e-05,2.55205074207126e-05,1.4836997101847669e-05,0.00018524316325217632,4.573139587002994e-05,0.00044500568072098457,5.169716925695907e-05,2.321500107223288e-05,0.000325195290166366,0.0011661027727582953,4.844900368269551e-05,9.58189365447292e-05,0.0014004917496596794,0.000208483814203946,0.0507992202364081,0.10972932979131547,0.02427601386634775,0.04311708743167087,0.0022304393940425268,0.047268577220936456,0.00020359104308850196,2.9788720689925923e-05,0.0032996589855636108,0.03300778469541259,0.002071865279789011,0.01502787843170679,0.0072563918695870535,0.01029359345965695,5.949356143346676e-05,2.5001251522318584e-05,0.00010704902540921125,0.003953107209929335,0.000324324497334702,0.0006987300590861102,0.0009017394425291436,0.008241413675715483,0.00021005800640192505,0.0014478926274399176,0.006381901367464154,3.2257033655126334e-05,2.315419482972861e-05,0.0005071388446383687,0.015472937569037946,0.036954546695318016,6.923980386958321e-05,0.006478829313959439,3.9009148802863517e-05,0.09788404394365599,2.586698498290029e-05,2.3934955387494548e-05,0.0002964994491463689,3.2493085561126105e-05,0.022622047533343053,0.0005226560642217178,0.006629658430201707,1.7759807335576606e-05,3.756094094124469e-05,0.004677603871318345,2.5573781466260392e-05,0.1882260139256558,0.010899786648152615,2.6814238488905732e-05,3.8328347553152615e-05,0.00022164692915060318,0.05093640420035308,5.315236909511744e-05
nh0034,2.3501972853881025e-05,0.0006192157932553014,0.016594700292119884,0.022904316674303864,1.7864467286850135e-05,0.05250327894197867,0.000339577321688667,0.021009170908009682,0.0048206997401927035,0.0010644307003999493,0.0005014985355076456,0.0009426054795210756,0.014720298091409366,0.0015368703299102114,0.016121310847353045,2.7359530485485245e-05,0.0030866911039555468,0.00037289136911468704,0.05667787241161529,0.0008789023026836428,0.019603017496791032,0.0042019885621681135,0.0019771161019147268,0.011240882163468276,0.000877363968936994,0.001456146845634734,2.0889389424889043e-05,0.13950745464934095,0.00019730802483654286,0.015292291512529609,0.003799946613278492,0.00019293640731677926,2.3606456436773506e-05,0.03019717169278428,0.00019029385211755923,2.0493866799521566e-05,0.001122001294396914,0.00034332118986755544,3.6723922454454666e-05,7.861134715702865e-05,4.1514648717547226e-05,1.864246395582861e-05,0.0012385499849426823,0.0008083420947622013,0.006858010043494735,0.012154743536023823,0.008290672940387418,0.00037052933213483084,0.008503396730467152,0.012773781487715151,0.008479032268973691,0.0004761085848978613,0.00019024661804615175,0.005813637994500796,2.6589877606662037e-05,2.3921392466202288e-05,0.0016947424788217667,0.03140213085718626,1.4528871619746414e-05,0.00023169516108214916,1.336713914533997e-05,0.10354555055467186,0.001070586844512635,0.00017866069499593252,0.0013231901233386005,0.0006514353995014751,7.671337624686555e-06,0.0005508406784916877,0.00034283502829294226,0.0035101643374428823,0.009432726361626285,4.773321774792839e-05,0.010816232974956222,2.590353476041445e-05,1.8593634400290438e-05,2.471989739137848e-05,0.0034491345784431328,0.04677621592355557,5.5602002512558765e-05,0.0014980533074610044,0.0032394828820062217,0.00012390647890544486,2.077210049180053e-05,0.0005377301964814558,0.0013409498062941247,2.6093092759383e-05,0.032405919643123574,0.0013013795108094495,0.01877588540440997,1.4261751144692176e-05,0.0036804157456199727,0.002232623991307132,2.053664773546965e-05,0.028578309285865782,0.03009633081285092,0.0006245041627472968,0.002442664551009293,0.12511327166538078,0.014944792702222896,0.006587512458858219
nh0043,2.218770056763e-05,9.507453836810317e-05,3.643085633221056e-05,0.00528581189817092,1.686545437803095e-05,0.005101958536628693,3.59614775955816e-05,2.565286202533367e-05,1.3644571877316044e-05,0.0032634101823806943,0.0012864877338971054,0.0003429151617925241,0.007467070629828085,2.0274888788972334e-05,1.5279706878366666e-05,0.0006467726454388919,2.955279352437193e-05,0.010131582793832238,0.002686844580214429,0.01550861850829397,0.005843102958070076,0.005805360448948249,6.996600856939641e-05,0.023788356382823686,0.031079096275520964,1.9845402180424364e-05,1.9721217468920533e-05,0.00014916032020536108,3.7314611127118605e-05,0.0023433196004224287,0.006626974467526118,3.983402195572909e-05,2.2286341242005068e-05,0.008739703713924542,2.993676090373255e-05,1.9347813174994324e-05,1.1248344058061263e-05,1.1192881344356204e-05,3.4670255137910594e-05,7.421526025846515e-05,3.919307543422565e-05,1.7599944084117786e-05,0.0004484251457915553,4.200690337321124e-05,3.673054991871437e-05,0.02149518027783931,0.0004634369670078411,3.7677872930557576e-05,0.02363009872227112,0.016730677514522074,0.00987583231679578,0.05981111476076595,0.002521067085505227,0.05974331184564442,2.5102924172985848e-05,0.017334582429077226,3.532358051563807e-05,0.040085900755103286,1.3716391176549127e-05,7.451210234727162e-05,1.2619624856458451e-05,0.02267274292993467,0.005532248460471805,0.0051130241265834,0.0007244697805451143,4.575382092730898e-05,7.24234272705457e-06,5.064292234339693e-05,2.5743888047966737e-05,0.004738526481807749,3.8871312231976576e-05,4.506389098077879e-05,0.020164560113621232,0.01628759307711593,1.7553845164513576e-05,2.3337516590309135e-05,0.0001560000009991885,0.09643063706740064,0.005020037509253803,0.007962847479127191,0.001316199748775112,0.04153216603946335,1.9610487542397157e-05,1.8145761663548377e-05,0.011580654048617916,2.4633920421407497e-05,0.004455856803003368,0.0016437632134693625,0.014404107621338697,1.3464208555420458e-05,2.8476003867320672e-05,0.008122482517905687,0.00032985975609978147,0.10712128938831704,0.017097968976029134,2.0328627019854294e-05,2.905779636508266e-05,0.0024364017659416976,0.21543717905163345,4.0296303286902254e-05
nh0045,2.917297059780848e-05,0.00012500649645774236,4.79002453360622e-05,0.08520269130271282,0.0020942799311284887,0.05254699872553903,4.728309386328227e-05,3.372905575923024e-05,1.7940240944902194e-05,0.00010468179312168532,5.8643243471088486e-05,0.002263757763437732,0.0022202306813299674,2.6657955506098928e-05,2.00901593271022e-05,3.396135223988657e-05,0.0029189425075999004,0.0011794766364532918,0.003189007217609768,7.432886899735773e-05,0.006230561980876847,0.009777435940396432,0.0031360757609185537,0.008699808291558307,0.0016765227940208323,0.01071981912630774,2.592997393398931e-05,0.006061324927762136,0.006377748814076085,0.0001464544239098319,0.020823693366478963,0.007592738426063045,0.0005064708914657358,0.0035621944586207424,3.936163835347356e-05,2.543901217548707e-05,1.478961776501504e-05,1.4716693934478366e-05,4.558536071251936e-05,0.006184854428774359,5.1532083452958086e-05,0.00018606532339506148,0.013716590661973848,5.523177822218884e-05,0.000845257670862257,9.551295564857254e-05,0.020389898961677762,0.004689677959306641,0.01170105296876801,0.013963984934363991,0.024126990761694615,0.037648128877723376,0.0005217885752493741,0.009963220660558929,3.3005983048371194e-05,2.9693595657434996e-05,4.6444370053174136e-05,0.013781936379310106,1.803467084305661e-05,0.0012384416536874027,1.6592613721763415e-05,0.016131166547361218,5.9303579224318944e-05,2.4921414429342014e-05,0.0038745763389232478,0.042163894971298695,9.522422154184642e-06,0.00024160109044391376,3.384873916102376e-05,0.001611349716947126,0.0005287027420532986,0.002766357031968064,0.0062633078769664145,3.215402649995359e-05,2.3080255986956353e-05,0.000363917365871276,0.009020361776504877,0.11240559287688866,6.90186987519342e-05,8.788274648413977e-05,3.888457995729472e-05,0.01669870288275284,0.005408454605781033,0.003211712045479158,0.02801417245394856,0.008825768330922688,0.06544773639205329,0.00020794562129990032,0.0027988523743955273,1.7703094519090976e-05,3.744099669239235e-05,0.0003107863445888745,0.0011020261605914393,0.10878790581716867,0.0856667658219265,0.004011545514636085,0.002453030830471397,0.0015032474734269733,0.045011330056541086,0.02772003877617189
nh0072,2.5616326750822715e-05,0.00010976623887173308,0.052640552603584974,0.022617808425684945,0.000816044523585905,0.004846524047275886,0.0007134867755971338,0.005947938660081449,0.000402099512272174,0.00046791578391426505,0.0036333442248205608,2.832726033332544e-05,0.0006976866796877147,0.00047772979594508125,1.7640852996910746e-05,2.9820929375703436e-05,0.0004144054655924554,6.707445026663287e-05,0.024360415243936943,0.000529771456340324,0.01037667388780642,0.004985560069426698,0.02815319834724412,0.008250197694348428,0.005076645350208254,0.008605518846460141,0.0004892205451521245,0.019432724730412226,0.0030617325728153066,0.0070419881962944875,0.00812197571581957,4.598950301799562e-05,0.00010516841547681508,0.005363632312260433,0.0001296343184645383,2.23375965749058e-05,0.00025130114664698557,1.2922497530840026e-05,0.00012984760005886167,0.0016862655429485062,0.002384179330794357,0.008802688333094203,0.020460255180538182,0.0160279787220591,4.240645692811851e-05,0.018322743352282157,0.0023397952743413647,0.008923179222695844,0.04742525527687675,0.014448462059514763,0.010437370156740405,0.01612173199643278,4.3057726980484164e-05,0.0019352009510445719,0.0029636539701240893,2.6073479429098857e-05,0.0005114411281589387,0.039566050384855916,1.5835960880650888e-05,8.602632592775867e-05,0.000289209446792795,0.011978219308284856,0.0001462053518224285,0.00020152272538370304,0.004218437140818747,0.0002362470390808681,0.00011152445308400025,0.007669561367060787,0.0046750693024985406,0.0006591068971727578,0.00023529253784737358,0.0012852461342456743,0.0005537188343637244,2.8233945062807524e-05,2.026640985607823e-05,0.0029289383499947605,0.012098281735576116,0.034925111189383004,0.00033842221943596235,0.0011801382260281212,3.414393821894094e-05,0.004334791100303862,0.004470871563103178,0.009752348337937488,0.003059037690251182,0.013115766667696387,0.0495033882604924,0.00013663266456258454,7.520361675045536e-05,1.5544808924456938e-05,0.00012269616207904584,0.016696004861550758,0.008965206917876433,0.19092083914431665,0.05639374375061305,0.0549713051076968,3.3548046318633693e-05,0.00550697835612337,0.017249153665940438,0.0397941532898687
nh0076,0.003789622210868018,0.02923122018407398,0.0004146876534436291,0.02881913479286021,0.02534503774973216,0.020126023272382384,0.0022641868931642163,0.00024823200457111885,0.0022173214694423877,0.004302620798925838,0.0005730402275089794,0.005027808567425999,0.00562915775035008,0.0016266975785394016,0.00016293330397878066,0.00140856411311923,3.0108545949530464e-05,0.012263671517652692,0.0018091761795521863,0.003655883277424922,0.008789888878254335,0.006906058574151056,0.0012074028938409847,0.011374119635223848,0.00412694212344853,2.0218603122694733e-05,2.0092083066664875e-05,0.02877147372832535,0.007280221751931369,0.013712719346661814,0.0028719309303289024,4.0583117105988156e-05,0.0016111797628631274,0.0002745849261159198,0.00018828284388468247,1.971165675156348e-05,0.0006183907557189872,1.1403368077074305e-05,0.0011019283228993991,0.00302934454209078,0.0007838115070533171,1.7930918264251942e-05,0.004422052902706482,0.0005801164722255824,0.0048513853410120725,0.002515557275047036,0.041913687302498635,0.0006442804994522298,0.03915358252605648,0.011299160200526823,0.01559216595003633,0.00510809996566377,0.006314001416116525,0.0456163364354345,0.002663574801328611,0.0006393588463054022,3.5987854961323166e-05,0.01147682901257178,9.073427808772276e-05,0.009905005359196159,0.0001011055152992024,0.10768416224705624,0.0001230908334898495,0.012807030809626821,0.013973109129904886,4.6614240329611875e-05,0.002090128835544862,0.05508553942863252,0.00033497730962219304,0.0021398468003815023,0.0007234991965801691,0.0011052768230094068,0.0440426242984601,0.0005785534101130651,9.436211491819035e-05,0.0004075761108748178,0.01298375162020087,0.008691824292777258,0.0014530896565937144,0.01196496381471239,0.0001844078806498512,0.01686180134142425,0.006295568677410982,0.0005618884999204969,0.0100046606408674,2.509717141675144e-05,0.09505026078907916,0.0005729688415274911,0.0015840637158109699,1.3717408529607136e-05,2.9011506820536786e-05,0.004732244368870439,1.9752804824456134e-05,0.02130190565390631,0.0025571439008914,2.071091520378216e-05,0.012224262465492592,0.0903292984570044,0.011100888997811259,0.005553954675036442
nh0082,0.001261557979199571,9.089420835785891e-05,0.0002118017856481266,0.0005249820549746572,1.6123897634416597e-05,0.00029933904971190097,0.0007422713152061643,0.002784293669109436,1.3044634036178805e-05,7.611579385790736e-05,0.0015950103480714098,2.345697483497952e-05,0.031097248650083037,1.9383422708634877e-05,1.4607873827081492e-05,2.469383843303209e-05,2.825338748173443e-05,5.55423882670192e-05,0.018069656623008544,5.404570080030741e-05,0.001667267687203824,6.444394572351306e-05,6.68896748806937e-05,0.051039539283484765,0.018493460364702625,1.897282018608436e-05,1.885409574906856e-05,0.0536011959230961,0.005111294339304892,0.005487398628586884,0.0009750046086740307,3.808256083618576e-05,2.130643365884341e-05,4.445562566118068e-05,2.862047220895235e-05,1.8497109659244595e-05,1.0753765898245114e-05,1.0700741823217987e-05,3.3145839553007195e-05,0.005101686960969534,3.746979607632736e-05,1.6826092580904573e-05,0.00029347234026593286,0.00039454443119493873,0.00021056684708772733,0.00765240453020095,0.00031851721858732835,3.602121547381601e-05,0.0017313105141984904,0.1498234602636503,0.007636350639511897,0.003859882931996083,3.565484294449833e-05,0.01891596227035228,2.399917432506205e-05,2.1590684860872665e-05,3.3770438883468525e-05,0.009769909693502115,1.3113295514432145e-05,0.009027601770024051,1.2064752885361126e-05,0.2181385732130847,4.3120574043159524e-05,0.00019509351285078853,0.00025007403321455906,0.0036993901219991594,6.923904340015947e-06,4.841620495183927e-05,2.461195567538328e-05,0.06455063625220303,3.716218047230639e-05,4.3082477880291665e-05,5.861560555091954e-05,2.337970319181667e-05,1.6782020583548625e-05,2.2311389904431133e-05,0.010142902128107872,0.021338630086691384,5.018459170293832e-05,0.024204379919277104,2.8273595474623548e-05,0.00011183403065049661,1.8748234503927426e-05,1.7347911120775504e-05,8.9108340843771e-05,2.3550792187759116e-05,0.02104454951962889,0.0024875544904218103,0.00661672466370058,1.2872201104692779e-05,2.722394316230305e-05,0.0036486736162961828,1.8535722365733695e-05,0.10754865667301718,0.0820689972634355,1.943479812458122e-05,2.778015484021701e-05,0.0012133561665373625,0.023325595269497703,3.852451613101892e-05
nh0087,3.370101473993234e-05,0.00048676862689498807,0.0026468005963926,0.14355720626796406,2.5617027093780983e-05,0.017248427364660944,0.00039698148891081713,3.896426664863567e-05,0.0016394203615378161,0.00012092983952965984,0.0016864410268997985,3.726753750924264e-05,0.00016634947132594476,0.0010578738709477226,2.3208426901205675e-05,3.9232618721057854e-05,4.4887893052967215e-05,8.824360569323442e-05,0.0002193911752841001,8.58657263333556e-05,0.0012096233885638345,0.0030905192549140256,0.00010627173730348052,0.0013241241499715414,0.00012683196883693127,3.0143285437072523e-05,2.9954660627570143e-05,0.009483139053532829,5.667735851116151e-05,0.00016918615409307404,0.009696365725644591,6.050410483001255e-05,0.0003530432081984137,7.062938458519033e-05,4.5471103118924375e-05,2.938749488746995e-05,1.7085168773802537e-05,1.7000926167120813e-05,5.266083233269206e-05,0.00011272594797621288,5.9530567797508644e-05,2.6732647359869917e-05,0.011833950694042831,6.380450580917146e-05,5.579022487901892e-05,0.00011033787304501841,0.0015280727562039039,0.002917349249230968,0.06984826342576808,0.00020102413231561265,0.07402870052189665,0.0018466113891177289,5.664704021589178e-05,0.00018977885184646824,3.812896316094307e-05,3.430244793130468e-05,5.3653171674826837e-05,0.0013686588488281606,2.0833898484007547e-05,0.00011317682298148018,1.9168014369203788e-05,0.01457619891524082,6.850830603173662e-05,2.8789558890047033e-05,0.0010766429746800726,6.949571853015906e-05,0.008428217291118383,0.0010302951771290665,0.0185265107754299,0.00012371964123493922,0.012452895738649687,0.0013634042201277387,9.312621486204408e-05,3.7144771300887487e-05,2.666262746914979e-05,3.544747632617949e-05,0.00292949042688915,0.0908690648647255,7.973134501923559e-05,0.01200849460713436,4.491999873318728e-05,0.06959075028118361,2.9786472361528716e-05,2.7561692543422687e-05,0.07014246109896524,3.741659090331106e-05,0.006937584778402964,5.6089026522017504e-05,0.0007418698703127201,0.027267871777081547,4.3252351596407566e-05,0.00016654721535169274,2.9448841267279773e-05,0.03715363277492181,0.13457374948866085,0.030050398576287787,0.003281527138800097,0.00025523191564562114,0.09173192052371316,0.0038746997736502976
nh0089,2.3877550088762053e-05,0.0002736190725853416,3.9205486580161154e-05,0.008397499516870664,1.814995341467152e-05,0.003487688094063881,0.005962005291413435,0.0023730134574934053,0.00044030160019485653,8.56801589767563e-05,0.0004962026988346364,0.26723328392111434,0.07028709526472672,2.181905561268705e-05,0.00018880331953462982,0.002219997603880185,3.1803579892840066e-05,0.00015102008153902832,0.01780331058800604,0.0006654067114121036,0.010874208056389884,0.0007986744986180086,0.00033419154507568355,0.018464464747145,0.0033680465873785906,2.135685864113526e-05,2.1223215830328754e-05,0.004039748335593349,0.0007839810725984253,0.016954892022722313,0.0007202900792495108,0.007341359250472032,0.0014315942509088295,0.0008156344091144452,0.00034039203367555764,2.0821372489041306e-05,1.2105035302929354e-05,1.204534846334386e-05,0.0031645467174797747,0.03033705556674447,0.001012182599252567,1.8940382990431827e-05,0.007853423101105492,0.0035534981880752147,0.0014919646416613286,0.0023299619253935124,0.010312423034237723,0.0003711361548180882,0.010675800938029013,0.02550013377772924,0.02855815406417547,0.02380800265075806,0.011543733924493628,0.043355066150279266,2.7014801623442426e-05,2.4303672306827523e-05,3.801387892835892e-05,0.009893915627994744,0.0002630308611473324,0.0547797330486341,1.358075496345405e-05,0.0012448706077814828,0.005631723054112653,2.039772807244092e-05,0.0015697149090516545,0.0021559108965263298,7.793930727437191e-06,0.00014091822944778477,0.0019900852790078463,0.0025552094257919856,0.00074448030986831,4.849602647233642e-05,0.0003014666600568129,2.6317490559761496e-05,0.0008453624654327723,0.009464944234300854,0.023136245407174242,0.036230181946396496,5.6490559676987036e-05,0.010162178237378534,0.0010613150036242378,0.0012501152987517182,2.1104052541693784e-05,0.0007748225592930122,0.0030451795580612073,2.6510077822253797e-05,0.03112842819877492,0.00020534941026277218,0.0036456631371384906,1.4489663460512936e-05,0.0020488713908343235,0.023447094805150826,2.0864837092940536e-05,0.00914890582619396,0.04799022186720401,0.0006259694603387531,3.127088298588939e-05,0.011072862808956276,0.051080345042145606,0.0015474005328048755
nh0096,2.3333099661366835e-05,0.001047877740059303,3.831153205612259e-05,0.03304554833050095,1.773610233459475e-05,0.04563178176904542,3.7817922508467715e-05,0.003450571263846888,1.434894771901573e-05,0.0053372100492024505,4.6903987366973854e-05,2.580240308926173e-05,0.005369849156559388,2.1321542504787493e-05,1.6068493546804885e-05,2.716293885092337e-05,0.0013608720280019512,0.0004166001008973439,0.015113531322931063,0.0003878669069718911,0.0011116380002891189,7.088760063556761e-05,7.357787463742361e-05,0.008553491935137995,8.78128742400423e-05,2.0869884442703655e-05,2.0739288924655047e-05,0.0001568604464561169,3.9240909061321774e-05,0.0011836493822885235,0.0004410164674476416,0.002328358969625805,2.3436832478512188e-05,0.017113098020174015,3.148219093619735e-05,2.0346608323183728e-05,1.1829019060902248e-05,1.1770693186960271e-05,0.004775935813628705,0.0007348809989132218,0.001068294581670308,1.850850871623553e-05,0.01482015621784969,4.4175432234852825e-05,3.8626696770936154e-05,0.005053450646241455,0.00016086196975757949,0.00038198233560121495,0.034311496578635366,0.05056622033786201,0.11395546255432172,0.025344852065517884,0.0007239387420402965,0.02501285010124386,2.6398816305216558e-05,0.001445765950720692,3.714709516903029e-05,0.01020350237980627,0.0022261798341490315,0.00525832152439036,1.3271089699776841e-05,0.0009187595374000633,4.743213652780174e-05,0.000348349880154726,8.534644533015897e-05,4.8115777492632114e-05,7.616215304377979e-06,5.325726974634225e-05,2.7072868757325282e-05,8.565803556006467e-05,4.0877971987779436e-05,0.005525140823446096,6.447649334093313e-05,2.571740516867376e-05,1.8460030024983696e-05,2.454227281419682e-05,0.00016405321314808953,0.1815704359062375,0.0003711675262460439,0.02845642335614855,3.110063050973982e-05,0.05957108867207605,2.0622842770030307e-05,1.908250312088151e-05,0.031946844511001035,0.00038140971239613913,0.015986304540729874,3.883357388039022e-05,0.003024255897196688,1.4159273473493204e-05,2.994602501365165e-05,0.0036308120163690994,2.0389081857141465e-05,0.10429718171602942,0.05240881444811347,2.137805487266322e-05,3.055785147539508e-05,0.0020725016556537687,0.06957653439680131,4.237652557605192e-05
nh0098,0.00025111923931541726,0.0013203406318397664,0.0033790513727824665,0.0038883463233103494,0.0009470889720872797,0.006539075130183238,0.0019444667123752547,3.0373394417095564e-05,1.6155388933712544e-05,0.009099058948375194,0.00045827638946091163,0.0008096804402639614,0.0067399034168236895,2.4005789036016755e-05,0.3731134092996004,0.0009994081427528246,0.00011593439839804196,0.00023296007518866312,0.02080260799437576,0.0005393493253759655,0.0007933553508799247,0.00236394044408304,0.0007084064815853843,0.014645178120185488,0.03238633951116065,0.00010444069349448612,0.00019749717704826923,0.0009013098855258832,4.4181089820124045e-05,0.0008793092989742424,0.0010309207917589217,0.0011809475219390546,0.00032943377535083206,5.5056962185064794e-05,0.030154400903578283,2.2908116844507802e-05,1.3318217291984367e-05,0.00016985379177131805,4.1050130500259275e-05,0.0035193302612772648,0.010542763617064202,0.00041301564562418847,0.03885990212188727,0.00012933370725464198,0.0036660902566775385,0.0032604899945728925,0.002677894992380185,0.009930688401507834,0.0023963014993441125,0.0025650304616780485,0.0416091677328214,0.027248815035143592,0.00043369601808474287,0.0011518582646497402,0.00010801664303847585,2.6739417166109602e-05,0.0006719281044512438,0.002316382836179349,1.624042412004815e-05,0.0030501768673585838,1.4941835448320115e-05,0.0009389995216960848,0.00015029048370624717,2.244201424723123e-05,0.0006089905677277019,0.00137140130726326,8.575048348810924e-06,5.996202112853055e-05,3.0481170667750306e-05,0.0004037721146637049,0.001213392098148622,5.3356359745609585e-05,0.0017759971097997347,0.019298005809480698,2.0784030342963713e-05,2.763198879770028e-05,0.0018658222085890864,0.10522587687119957,0.0012870560604860426,0.0022443122684907475,3.501600199592884e-05,0.03623209242435033,0.0021092655621941896,2.1484868840805223e-05,0.00802955607635754,0.0008059807088989457,0.033799330126391205,4.3722473731808914e-05,0.0013759719582849938,1.5941835907586177e-05,0.00011247909231087518,0.00692974687486381,2.2955937526129432e-05,0.007045170258808806,0.08712135673646057,2.4069415951416807e-05,3.4404890534892354e-05,0.004277559841123009,0.0034277706138316896,4.771146050196194e-05
nh0099,2.1687045475452032e-05,9.292922585023442e-05,3.560881108784058e-05,0.0017657395277121835,0.0009919828745788568,0.016257435296529562,3.515002366300337e-05,2.507401718457269e-05,1.3336688490745885e-05,7.781993953171144e-05,4.359510402691187e-05,0.0011616095428213385,0.045166768456210704,1.981739540047988e-05,1.493492743480407e-05,0.0032096623106767203,0.03335688491534205,0.00040259206289575437,0.012706801595149888,0.0010645772720634258,0.022952469333996837,0.002616074568765166,0.01113110820202918,0.09217936123564928,0.006595237906791928,1.9397599956500164e-05,1.9276217414964124e-05,0.06834685848058697,0.003938464549550882,0.02191268253719874,0.0016433777053111226,0.0013917000892458664,0.00035822397695617103,0.00024055053259506835,2.926125188719056e-05,1.8911238814391103e-05,1.0994530432170977e-05,0.0044408607993428675,3.3887937036537456e-05,0.005249699346646505,3.830870200695454e-05,1.7202809572548958e-05,0.0016115642309387727,4.1059037233756105e-05,0.0006997832973797362,0.008560272139039328,0.0011250118008922828,3.6827689339535145e-05,0.0044643153384077965,0.14417478124628966,0.010507716540524095,0.00933411331915305,3.645311414781073e-05,0.009101654928056088,2.4536488422807292e-05,0.019862268975351458,3.452652043249843e-05,0.01575169272116021,1.3406887221062058e-05,0.0059516630455311095,1.2334868920326026e-05,0.02116569061387313,4.4085994437312893e-05,1.8526459149221104e-05,7.932560473771679e-05,0.0007493876253357412,7.078922648685216e-06,0.0002224032604746561,0.010226444237369564,0.004060134720321465,0.029351354117196637,4.4047045344877505e-05,0.07094016277254145,2.390314803853974e-05,0.003993928406901082,2.2810916437034492e-05,0.0027547415851495965,0.057484169067002,0.0035839335915469977,0.0004017721259656455,0.00020180968098110184,0.003692273256772484,1.9167986057474586e-05,1.7736311033429583e-05,0.002111211071901154,0.0002100350695065394,0.0065574320420852105,0.009658002363592056,0.02021257963233045,0.0007569884029224266,2.7833456150508027e-05,0.0078045394023603795,1.895071601526938e-05,0.029083618638339408,0.0164019600519452,1.98699210533007e-05,2.840212077250354e-05,0.026115813866908883,0.08085658998640663,3.9387036038814e-05
nh0102,0.0002890313314098116,0.0009383183233105328,5.717361468453329e-05,0.005399034524369616,2.646819446943829e-05,0.017131935494632163,5.6436984208861206e-05,0.00017064561219124854,2.1413427341243907e-05,0.0004899338912178075,0.002864647954996087,3.850581203590123e-05,0.04049817780073013,3.181886993876573e-05,2.3979564619345864e-05,0.05236120797325015,0.0017448271452504284,0.007523217225568159,0.00940852667228656,0.000353286719220315,0.0029387073706967108,0.00023730647987905976,0.004785767025517565,0.011895493603305891,0.00026915828620747024,3.1144845105383553e-05,0.00016096370197619166,0.010981444140450993,5.8560555898841406e-05,0.001356975887738717,0.02598161126610425,0.01037537767217735,0.0005641115188360474,0.00020449464030263407,0.0005620803866044619,3.0363942185938203e-05,1.7652851284916026e-05,1.756580958065809e-05,0.1595222415225908,0.00011647145087770639,0.0001930270472817272,2.7620883032743782e-05,0.000695451845253084,6.592451425378478e-05,0.00018474921863989143,0.00011400402827417597,0.030779279872640893,5.9130649288632664e-05,0.0034952956045760267,0.021379229972939846,0.017618793547076437,0.01866001571267732,5.8529230228917136e-05,0.01175596110967539,3.939585995546271e-05,0.00016254747536632925,0.00478896936523432,0.12660267990071558,0.0014557797773823984,0.0010510337451408289,0.004438602054966884,0.0013582937487367495,0.00020889672487771688,2.974613879282279e-05,0.00025964941293184516,7.180482677071263e-05,1.1365939595656627e-05,0.0009780085794400637,4.040177157282049e-05,0.00012783042746948917,6.100360111129897e-05,0.00019238405615648504,9.622048476381062e-05,3.837896672066914e-05,2.7548536617309844e-05,3.662527636081167e-05,0.006005789348867883,0.04662174451213708,0.0002204926675830016,0.00010489662943583976,4.64125387260711e-05,0.0001835812245074184,0.0003068876551540129,2.8477474590456305e-05,0.0009749485678238071,0.001450636989364081,0.11616031222292945,0.002380152424790449,0.00024624548814118933,2.1130369952330342e-05,4.468948130176117e-05,0.011127396938286913,3.042732689895967e-05,0.08680482002837997,0.08416285500869437,0.00043895987088415125,0.0007091438817082334,0.001804259121674269,0.023235135011683467,0.00019034521691327268
nh0104,0.0012270074139265285,9.64864109499022e-05,3.697186055973321e-05,0.03065231976410755,0.00021810637059464224,0.013263599119761285,3.649551147141914e-05,0.0002332722140253028,1.3847196021010355e-05,8.079876483480153e-05,4.5263856274056594e-05,2.4900148804405764e-05,0.0015555665792629982,0.01494910549233836,1.5506613046619274e-05,0.000566263155271651,2.9991657384337068e-05,0.00025970796524603883,0.024867881970850592,5.737082473905554e-05,0.0003286910858361849,0.002109553135420905,7.100501534084755e-05,0.003648354084065158,0.00028549061815564403,2.014010967723948e-05,2.0014080802279688e-05,0.0020093695888025102,3.786873925916269e-05,0.0005275178244492264,0.0013567831288615836,4.04255637542738e-05,0.0002233656674773929,0.012274256490143205,3.0381326742634728e-05,1.9635131392978008e-05,1.1415383823268758e-05,1.135909747911399e-05,0.0004496619196796885,7.531736911861356e-05,3.977509907117165e-05,0.00840121446358866,0.00222448951666473,0.0002498691155855673,0.0002468598335812189,0.021086040063987677,0.00015523697424913596,0.001852054316066316,0.002648230929037313,0.0003415518332335466,0.012701538758902666,0.00015228101168157204,3.784848221740015e-05,0.0003363837724451717,2.5475706738866908e-05,2.2919036645043555e-05,3.5848141514587205e-05,0.0048968944033834704,1.3920081848687035e-05,7.561861936141692e-05,0.00022004543113402208,0.1058772739314132,4.577353719990067e-05,1.9235622965364595e-05,0.0009149783387782367,4.6433272717331906e-05,7.349892711517608e-06,0.0010730646434205307,2.612618903314852e-05,0.012795788305349394,0.0010873677023111477,4.573309719725923e-05,6.222188968296784e-05,2.4818123077446006e-05,1.7814522661541917e-05,2.3684082562300145e-05,0.0004283416496043216,0.3371458343522527,5.3272163605175374e-05,0.02800300929182544,3.0013108659853944e-05,0.014051652388770942,1.9901706518077307e-05,1.841522921825196e-05,9.459066918615904e-05,0.00023172404638515122,0.0247339914337786,0.009237204967147031,6.610527194233653e-05,1.3664154274025175e-05,0.00044234749358512714,0.009254797079843837,1.9676119719225682e-05,0.06744581247625897,0.10031456273838536,2.0630510485265686e-05,0.024527811137430248,0.00017053213343203426,0.09402238817588064,4.0894710039490005e-05
nh0119,2.562409096553816e-05,0.015821091801776568,0.0016377370688259337,0.011228939152821443,0.00021511149476437848,0.006767967986904373,0.0015963853975248011,2.962593027880233e-05,0.0019199963510295156,0.0006157280578659911,0.0006167378983268759,0.08779339151697194,0.03317340375977159,2.341502640443693e-05,1.7646199874773596e-05,2.9829967990058215e-05,3.412987602054885e-05,0.0012892498891773074,0.007474594948941536,0.003391063938572991,0.0151770807984183,0.006264182551627207,0.0074454514711099345,0.11179873877138566,9.643489764018755e-05,2.2919021697127648e-05,2.277560348511401e-05,0.018323752007746937,0.0007414681776451732,0.007848851360649212,0.0013636484167399365,0.002367721023722297,0.000545075790618002,5.3702055840664255e-05,3.457331156388271e-05,2.2344367018526446e-05,1.2990466969611705e-05,1.2926414292461044e-05,4.0039920709419066e-05,0.02771585751121926,4.526322712372312e-05,0.0010176157088139439,0.009480232573459979,4.851285557666564e-05,0.0002155319040668068,0.003790298716811378,0.005403949632885769,0.0004013479509920132,0.03474534382230015,0.10078093439016997,0.0439812272354634,0.00017329259208229275,0.001040360695267224,0.06401172124022557,0.002703158383644628,0.009977915840315335,4.079443192422278e-05,0.015374759265658029,0.0011462979223371135,8.605240019173024e-05,0.009535766793564012,0.0076331068804575,0.0022634063176694497,2.1889734821016376e-05,0.0018888481509056422,5.2840088854125896e-05,8.364023494728129e-06,0.012668814111741636,0.012008630799334308,9.40684832694802e-05,0.0035663027248508537,0.014808813587751471,0.0006402527410255206,0.0002028360896524256,2.027255253059844e-05,0.00021194576550229483,0.019877250067952136,0.0205056727080608,0.00043402590706396565,0.011712691718349795,0.0014074159689924093,0.028919099924066268,2.264772391051844e-05,0.0002204141275016416,0.007054667306025616,2.8449176866794104e-05,0.027304229536086324,0.0034515674101491256,0.004844044138808202,1.5549520499046617e-05,0.00022852026487855088,0.007184931169923744,0.00038022560903132547,0.023973578349218615,0.033030752332717815,2.3477087514025532e-05,3.355821460846833e-05,0.014058384960125176,0.061539335527122166,4.653732088420693e-05
nh0123,2.2859038819386906e-05,0.0014284569354278017,0.00013987974567376406,0.018566607502526915,0.000578887393299967,0.00033660400749171385,0.021804022360568026,0.00013030657679230105,0.004589097227839672,0.0006749857376432782,0.001295868746973887,0.005461940098761176,0.032385231996724904,0.009423787621786644,0.00011563493349524646,2.661106679580853e-05,0.006732074143723098,0.013308199272821244,0.008240696272781947,0.0011017856171697236,0.06533511905921001,6.944737039908196e-05,0.0006733858590036005,0.07748470129064496,0.0006926105836981281,2.0445868982498306e-05,0.000713749673803279,0.048588884531637226,0.0003473805441974826,0.022933514180538808,0.0015639904532296315,0.0014479725189813046,2.296066408685603e-05,4.790715818147839e-05,0.00013318915693772546,0.0007133649713315576,0.00033037403995242747,1.153154687533084e-05,0.003543125689591301,0.013782725933695115,0.00014272554186107756,0.001204053104380937,0.0009334083586482004,4.327791570665852e-05,0.0017802634817566344,0.005124271333420453,0.0018825670353911925,0.0005530803555073026,0.0017983855608409227,0.046224088034858016,0.0279027173594335,0.02420348761146957,0.0049740235980368745,0.04459606425071808,0.00023055565443955503,0.008337564294276177,0.0009727004791942305,0.014319628311799634,0.0008451516538709757,0.0024410500649292718,1.3001459687117869e-05,0.02520754848650575,0.00014553013136887988,0.002818122376292434,0.0037700144629463743,0.002016218468262094,7.4614759216001345e-06,0.0019238806935521747,0.00645679963952155,0.0011754713356820648,0.000645773759777884,0.00034610611453322025,0.02171935251750889,2.5194902161154944e-05,0.004111948684566132,2.404364508435161e-05,0.008960766326882317,0.046549051586072164,0.00044938779913129845,0.01747768510968613,0.0020273714682903588,0.020770052372771856,0.003916027144815885,1.869480205981984e-05,0.021841698398357038,0.007768486064489536,0.014488400261239424,0.0076564812225496034,0.038228657409750066,1.3871598145222005e-05,0.005351360430110832,0.010133339628415979,1.997483490955748e-05,0.06805036851456983,0.010762204372325434,0.0047288869799342464,0.029098890495543706,0.013208228924033323,0.037319841788648736,0.00742482292126248
nh0130,0.002486781176352193,0.0031907411068293648,3.496048836652747e-05,0.02466182655571223,0.00017629780264466193,0.0241683535231308,0.0189452155812596,0.00874376908423928,9.986045237098154e-05,0.0830267225101249,0.004366970621389744,2.3545511354365893e-05,0.03666792925214317,0.001232714953326993,1.4663010105880596e-05,0.00011155362577995908,0.003446798535561406,0.00078979190700835,0.010312373556085972,0.04082508753268097,0.01141016025735531,0.007945136310638071,0.00577696119271383,0.024002044285315518,0.0075726668511508265,0.00047855365228142733,1.89252590608572e-05,0.043099235651236016,0.00038329700927138905,0.0037611078847513742,0.001976729108541761,3.822630048758905e-05,2.1386853128530414e-05,4.46234199479919e-05,0.00038158203708512885,0.004878379764337588,0.002293654524323665,1.0741130937438595e-05,0.0004588327599484498,0.008505248599997073,3.76112228950051e-05,1.6889601353134e-05,0.011964133229485372,0.0007708267374377482,0.005560452542112425,0.0047586500834462435,0.009122244297532774,0.011078979335056959,0.018326855942496632,0.047702655984013916,0.058602330954178834,0.0055555290000668675,3.5789419364338536e-05,0.11106122619706592,2.408975733407475e-05,2.167217721452004e-05,0.00012077001149355909,0.013000552940533244,1.3162790624125548e-05,0.0035560725702262273,0.0018199568338317226,0.019158190840782498,4.328332928191394e-05,1.8189151498530648e-05,0.0038247457805651885,4.390717334961717e-05,0.0020796002379745568,0.04113639563969946,0.000208508539846717,0.0005803982111042287,0.007358730514640967,4.324508932805487e-05,0.022964100270138264,0.0003920237113100288,0.0017080388968537515,2.2395602502974095e-05,0.015995911278819105,0.03159552467392309,0.00029054357945160187,0.006129663842240268,2.838031195240774e-05,0.02532287253353001,0.0014237877046395324,0.0007081896161429776,0.00693738576120552,2.3639682813415867e-05,0.02662276934428524,0.004544351984591953,0.008955811756213775,1.2920786222367516e-05,0.0051846961004544095,0.009585456065668713,1.8605684002053774e-05,0.01243775813243808,0.00599807262079452,0.005686199560084286,0.003141759595817707,0.012373696720356969,0.02765279353131746,0.00021355487741700087
nh0132,0.016150706632594925,0.020871825087702082,0.005584828792816929,0.022881583519338555,0.00045486020732676965,0.029152333798101837,5.304731245377785e-05,0.013121686996621279,2.012731166983375e-05,0.0002301738188112297,0.00029390666366182014,0.0058423653053872576,0.013883361350416871,2.9907791127202116e-05,0.0006262056812204249,3.810153516669673e-05,4.359376690800813e-05,0.0018735698902862495,0.027119558601466972,0.0003078167749798683,0.0014450314691868789,9.943424838240648e-05,0.0006484139794927612,0.01570113968415141,0.004341284819552384,2.9274249019322857e-05,2.9091062297486512e-05,0.0007836806581548387,0.00017612746460651815,0.00038239384805825965,0.0055485748436842,0.017499570849187615,3.28749146687291e-05,0.0007449755782317488,0.004872844223430082,0.00046471097134882403,1.6592600241456267e-05,1.6510786364492317e-05,0.000266133472828916,0.0035208476258391454,0.0001644841321362703,0.002283365990194509,0.004047175962004167,0.000303431553267912,0.053085188931327285,0.00021619949286272826,0.008796158312214156,0.006101499475180942,0.005864806162101398,0.011059175557406369,0.07190995729617113,0.07396823152690757,0.0002854625996417712,0.011494953969738887,0.0013044975698049755,0.0001403945470188903,0.005508629533473343,0.025163893363667658,2.0233253390290112e-05,0.002252392228180491,1.8615397018399026e-05,0.00665935487727198,0.00017402863002113358,0.0006040813104770758,0.009032882668735635,0.00017416198575550168,0.00012341369648898986,0.027074056516197483,3.7975193578346144e-05,0.010169032116312338,0.0017045120064906045,0.00018755854300412509,0.003342028686114543,3.6073880768505355e-05,2.5893939055540892e-05,3.442551911753089e-05,0.009521975589573036,0.07733614325130203,7.743267579810748e-05,0.009786423040286587,4.3624946975610884e-05,0.08856346422746803,2.8927722929835186e-05,2.676708391971921e-05,0.010563565214311491,0.016095443016152632,0.06813548168613953,0.00016481410674390042,0.02145119145613111,0.02366998371084069,4.200537840998899e-05,0.0011143739602020872,0.004835561443565715,0.030187637103508774,0.06763820934698696,0.00046850890340711135,4.2863589208753164e-05,0.0015557160167296742,0.010023150240980465,5.9441678543685204e-05
nh0136,4.3153676922011844e-05,0.010231339373731505,7.085571573135627e-05,0.004645776487073522,3.280224407004511e-05,0.0007676099240085949,6.994280371991067e-05,4.989319720589875e-05,2.653783093647364e-05,0.00015484896420967992,8.674713375265057e-05,0.02378595900240694,0.061215617007981164,3.9433378765958756e-05,2.971806528947172e-05,5.0236818272624014e-05,5.747831777368779e-05,0.00036608661390298656,0.06449342453499565,0.000109949858823478,0.048365082043858185,0.00013110391075339404,0.00013607946980009894,0.01469764798939244,0.011882798354034598,3.8598054425290086e-05,3.8356523001042e-05,0.06819049131062199,7.257456301710791e-05,0.02634561170413581,0.00020824794157306775,7.747465803147326e-05,4.3345526806607864e-05,9.043993681229868e-05,5.8225110087159595e-05,0.003234496814708425,2.1877319098914475e-05,2.176944762205049e-05,0.001833132458104112,0.05319333253006416,7.622805750930834e-05,3.423078018095948e-05,0.0009870905410175922,0.000587884603006225,0.008721671702275077,0.0001412860996142291,0.0018160595544208784,7.328108429252944e-05,0.00030926205674929014,0.010019333677252077,0.005135361251176132,0.006081911471608442,0.00031786625847959947,0.0315820153123602,4.882360279997705e-05,0.005833800652363727,6.870213416907229e-05,0.012344057306503436,2.667751493961867e-05,0.00979721608525113,2.454437368454032e-05,0.08967354397717278,8.772392545987213e-05,3.686462655963391e-05,0.00041093690584465085,8.898829332162645e-05,1.4085899404003839e-05,9.849728693300664e-05,5.007023707356013e-05,0.008822967792895889,7.560224839344588e-05,0.0003344909028440648,0.00011924681260011747,4.756335892050158e-05,3.414112069249693e-05,4.538999649966281e-05,0.05565353827099593,0.05251849521506291,0.0008380864223919277,0.0011128352603044947,0.0030233136348541824,0.015530357452850363,3.814116028419701e-05,0.009179824496721264,0.0004266113475545232,4.791142011078252e-05,0.03719242664591958,0.07308338183606694,0.00012668922489098556,2.6187035661499617e-05,0.0015454000165826215,0.0036804734986294577,3.770882840124099e-05,0.06420282872321499,0.027364893915337224,3.9537896232596286e-05,5.651557954742712e-05,0.0402584651490817,0.024962489083474697,7.837376603735776e-05
nh0140,0.00038637171959794036,0.021505988705857355,0.004266642588862459,0.021891649649046174,1.761807954116235e-05,0.07842264074931272,0.00012762876113132666,0.0001098996517509292,0.00046256870695334944,0.0001712099112047991,0.0003943928625301461,2.563070405232487e-05,0.003216084270374201,2.1179660824177525e-05,0.1320378738122254,0.0009337587718381114,3.087159440270711e-05,0.007283449196041541,0.013018798174608293,0.00014709460957080183,0.0002156077023715108,0.0009651768537900961,7.308825938060421e-05,0.0023616812842167808,0.003343834244542157,0.00011091533515893978,2.060128178156843e-05,0.0005002586726926309,3.897978507720884e-05,0.0005661140742722136,0.002651696554467141,0.000129652184916958,2.328087485117454e-05,0.00013875960110329246,0.0008407735446501963,2.02112142266751e-05,1.1750304253849653e-05,0.0004518951648341057,3.62174240338146e-05,0.001089811690221571,0.00012852001137005214,0.003186676747160997,0.0035372813798677915,0.0024246863435244373,0.00012676040834908503,0.006110559138126756,0.0013329765551188984,0.00030954673806463014,0.0025748476065431073,0.009223141415764571,0.11665571202879164,0.015117250983616787,0.001862378738064556,0.0031092786985668338,2.622314850713596e-05,2.359146726502941e-05,0.0003074528848968176,0.0029280331358622147,1.4328488598618686e-05,0.006829397168131093,1.318277880436638e-05,0.01674901315047384,0.0004979163060685267,0.00010726302202241535,0.0001736405407159804,4.779559674712662e-05,7.56553410122254e-06,0.0011176362076611877,2.689271555699467e-05,0.0019989368238674293,0.0050325482517212744,0.0006814358913935782,0.0017368180758085354,2.5546271740337618e-05,1.833718994043226e-05,2.4378959165004474e-05,0.0010558326042597876,0.173915361711376,0.001830650284056265,0.0018803784818525703,3.089367504562362e-05,0.02484506688557809,2.048561050409504e-05,0.00020055246450587983,0.00046353322567237713,0.003810341744827153,0.07655562420615622,0.0005756075994448589,0.0005067472490104684,0.0016952828496231561,2.9746752735130005e-05,0.0009262015888629703,2.0253405125529018e-05,0.0973057417482978,0.09673103261822004,0.00028535747613613564,3.0354507870110175e-05,0.0008068257309313553,0.014286824411357694,4.2094536003027757e-05
nh0151,3.196690414250422e-05,0.00013697853209899489,5.248771447277168e-05,0.0009430042613824668,0.00017895845247797512,0.008079341442098905,5.181145759637242e-05,0.00020269198471164988,0.0003289775381378456,0.0001147073053450976,6.425958358819477e-05,0.0003668152151966046,0.10771055477648396,2.921102276648589e-05,2.2014220158483207e-05,3.7213875356383134e-05,0.00020423836541558582,0.008862490242413553,0.02752342495606913,8.144744198377184e-05,0.008146550426748047,0.002902532754310177,0.00010080344659214176,0.03890254357052847,0.012327124967655985,2.8592240427861217e-05,2.8413321447207628e-05,0.00021490256024215548,5.376098317982821e-05,0.006047661639689632,0.0017294663365124026,0.0003788890677124384,3.210902058096472e-05,6.699509745039139e-05,4.313135393321687e-05,2.787533963904527e-05,1.620603879928598e-05,1.6126130958133692e-05,0.0018807816234724067,0.0001069255510890812,5.6467378475608106e-05,2.535709925125079e-05,0.004461284891350412,0.00022736007569400558,0.001669521618101311,0.022864184127133542,0.0010028997320343934,5.428435220645501e-05,0.006927446896132211,0.11240894218384256,0.011597563504651959,0.029457669420180306,5.373222493482787e-05,0.02046778084387293,3.6167009208025673e-05,0.00018700583838488229,5.0892408110140944e-05,0.016661300327217483,1.976187485428429e-05,0.00010735322598803766,1.8181710036654853e-05,0.005371254683929684,0.005571787301645994,0.002192542128875729,0.0004262458065390159,0.0038534773917136547,1.043439697670508e-05,0.00023760492855889325,3.709047717568945e-05,0.0007359918294568147,5.600379851104488e-05,0.0005388860823791568,0.020221190224388,3.5233459666831846e-05,2.5290682285708593e-05,3.362350025828754e-05,0.03255094707207102,0.10439444320680512,0.00024026990607203878,0.00025095896047063203,0.00777558702844435,0.0003353737433215129,0.0014309613111284944,2.614348530273765e-05,0.0017008461508823734,0.010737169050946608,0.010530973561193813,5.3202924247595236e-05,0.0012403738501864652,1.939854303215818e-05,4.1026769908561685e-05,0.035051680862254284,2.793352939558535e-05,0.015575645518601619,0.007414610327449849,0.0003454171063446945,0.00020650618306476497,0.004126248060433702,0.2700904257988151,5.8056852738899046e-05
nh0162,2.8585489935027e-05,0.09519852183485228,4.6935637779794374e-05,0.00024703041096883435,2.172858223425888e-05,0.0005291820047595339,4.6330914405656295e-05,0.002397190280049247,1.757896321333096e-05,0.0008145944555220848,0.0006453839188643468,3.1610645156966435e-05,0.07951787993338527,2.6121121819018102e-05,1.9685586879558648e-05,0.005111432073568218,3.807429612942091e-05,0.020389095222256383,0.00498747443998802,0.0019606960212677697,0.04149911649361277,8.684473232852635e-05,9.0140599637997e-05,0.029284536913434783,0.10272782187506747,2.556779340679913e-05,2.5407800224542293e-05,0.00019217046935257064,4.807422191192981e-05,0.07511397816666822,0.0015888471448185786,5.132010098190932e-05,2.871257349629727e-05,5.990845016855902e-05,3.856897991265641e-05,2.4926725376196092e-05,0.0074446475014751205,1.442033148220109e-05,4.4667369936271995e-05,0.0007710838178581965,5.049433851574116e-05,2.267486091855648e-05,0.0015508116777993087,5.411952941750219e-05,0.012393675846195886,0.003133198686880742,0.08097172366232706,4.854222969824066e-05,0.0037698334112926967,0.016044394235396102,0.007408323000666306,0.016264649265752856,4.804850567368096e-05,0.0033919251930767504,3.2341313787762275e-05,2.909563072963619e-05,4.5509080682836355e-05,0.014652018717275473,1.767149149714795e-05,0.002122403656578293,1.6258474293834505e-05,0.001198449098717134,0.0018448761193768145,2.441955093150881e-05,0.001186019356110628,5.8946864891205944e-05,0.0005972522848695527,0.0022013079145148623,3.316709861125646e-05,0.023665218230454012,0.013296327894061141,5.805799470466731e-05,7.899045468419828e-05,3.1506513805421725e-05,2.261546944631513e-05,3.0066853641159712e-05,0.009269115628848542,0.04704946802087994,0.0006555504348695497,8.611297765040168e-05,3.810152844292453e-05,0.04618488637284582,2.526514149384181e-05,2.337806415837019e-05,0.0004828078290837033,3.173707352503797e-05,0.09306000825636518,4.757519366948929e-05,8.392039384135071e-05,1.7346592404694035e-05,3.6687015829240265e-05,0.003180875933431365,2.4978759902044546e-05,0.04060073167746985,0.0011079014949587523,2.6190355386206383e-05,3.7436567299810974e-05,0.06546112703297056,0.014423328242095594,0.00041464101111480855
nh0171,0.0006378992257216219,0.0002186389978928139,4.034726091409985e-05,0.00131779984936337,1.867853124340688e-05,0.00038688159670417066,3.9827422835587395e-05,0.00026143693984738084,1.5111396135602582e-05,8.817540683568609e-05,0.0003036034582978297,2.717344448998215e-05,0.11282519928863065,0.21675684969623868,0.00013104211608314564,2.860627393878393e-05,0.000492040140983293,0.00018542652241176173,0.035312832117002965,0.0016097264754027824,0.0033316949773341594,0.00018799801590360876,0.002543308697117813,0.02283684367719266,0.0016452113759541124,2.1978830593967606e-05,2.184129572761978e-05,0.009031872195996271,0.00014354707047877093,0.00024237033388816896,0.0009483246583782088,0.0002723558830291911,0.0003879345505092601,0.00015372012272166138,3.315503462481002e-05,2.1427749574981986e-05,0.00047555025158510516,1.2396142980092778e-05,0.001004263562862086,0.0005405558908810889,4.3406425205892134e-05,0.0009631386984768377,0.004123372947986088,0.00027507706214115917,4.067917228117525e-05,0.002930172610267553,0.0029390657376676143,0.0009738336688831119,0.0012484972400711202,0.014311075904439797,0.01077945248846765,0.0246828768224106,0.003118324834889368,0.03068853921447306,2.780154883207675e-05,2.501146378401413e-05,3.9120950286983914e-05,0.010729793231876329,1.5190936182051154e-05,0.0015862371745681307,1.3976264847538204e-05,0.01958626107189155,0.00027663993602229897,2.0991767438236186e-05,0.001297214145291269,0.003355648628154901,8.020911970148944e-06,0.00017260032492767848,2.851141786355216e-05,9.020957723821585e-05,0.00855367584563168,4.990836752850236e-05,0.0034482217574646336,2.7083930103710808e-05,1.9440925693314984e-05,2.5846355692819965e-05,0.000479433522919268,0.1478638441467604,0.00017209946185812812,0.008747981358910287,3.275319953092171e-05,0.011423182118871729,2.171866206796332e-05,2.0096474638092385e-05,0.0004098896103855748,2.728212605040876e-05,0.032577995884912614,4.089704205208575e-05,0.0003788035969299788,1.4911643323275172e-05,3.1537242697473216e-05,0.0033483850436019673,0.00022591457800285117,0.13224763558699668,0.012660386745043065,2.251400326459777e-05,0.003374000862136869,0.001020388791820185,0.08362614513627292,0.0001636373216948355
nh0183,0.3835047667320472,0.0006040399010669632,3.59727200802136e-05,0.029343945363555838,1.6653362848078492e-05,0.042706656636021766,0.0008319277939720617,0.0016261442500834409,0.0008471128128715655,0.0008928628568873971,0.009009883235573916,2.422723848180113e-05,0.0031803928587322387,2.0019921914882626e-05,0.0001398961710578623,0.0009024485205465996,0.00023044232054776333,0.0013092565345004204,0.012013988882110143,0.0008072190643066188,0.010842416193709395,0.002677108244598211,0.0008025986277637069,0.012579238856778856,0.010187966579629108,1.9595836315394905e-05,5.9145044044467445e-05,0.005504443890760397,0.0036127449908137225,0.004259380856518989,0.008740715726507033,8.072929644275631e-05,2.2006079346587856e-05,0.002324618169315275,7.121515138614444e-05,0.0005602104660911794,0.0016994785299148446,1.1052125259421244e-05,3.4234259327111696e-05,0.0037903802175694025,0.00033003532925608454,0.00010317686153846656,0.002684398942486825,0.00045986311640138535,0.0025232033068486237,0.003157763042865425,0.04712725376717826,0.00012103758639501492,0.0023942781141545197,0.003441824945255158,0.024361119875473725,0.01796091802216933,3.6825651607869815e-05,0.002248981504959546,2.4787242337513655e-05,0.00014721841398389836,0.00024157128098505602,0.009429981429824135,1.354390069245934e-05,0.0005695888732715563,1.2460926757774625e-05,0.006722292247873277,0.00033488170127213355,0.0014420959247831615,0.001526558069609904,0.010808101968264028,7.151266642474132e-06,0.0018251628590530281,6.99699208670047e-05,0.008055564593070566,0.017277882335183226,0.000375933743363187,0.007011068136318509,2.4147429446750477e-05,0.00043881953665479207,0.00024059554043115704,0.006299906761011523,0.023784415924044417,0.00026062866166136724,0.002245823332950305,0.0005127864764005024,0.016452949518455266,1.9363875846515506e-05,5.946858176660145e-05,0.015530909577257453,0.0003673208293235232,0.11165743094406196,0.00036040876942965296,0.012162803556159394,1.3294889394008602e-05,0.0015805842397253564,0.00473626646212176,1.914438538414697e-05,0.017572444461246742,0.0386583570796289,0.00041557123070455447,0.0019616921343208926,0.003425646208461909,0.010232294378354509,0.0021932939957142804
nh0187,2.817747721962718e-05,0.0017958348664461098,4.626570568966459e-05,0.029554518279867333,2.1418441045168212e-05,0.0004944389991917811,0.0006946380497967942,3.2578091322885044e-05,0.0032547191508090953,0.002043544309524566,5.664211162355125e-05,3.115945312928563e-05,0.04184161852359891,2.5748284065777162e-05,1.94046062220564e-05,3.2802460958810465e-05,0.0006850090655996496,0.0013717175046925856,0.017322419070940343,0.004478336098195748,0.01986592472385638,0.0010906616029216264,8.885398496357081e-05,0.0005615548222959733,0.02331924755870288,2.5202853542609256e-05,2.504514401030512e-05,0.016679032358004938,0.004432107054379628,0.00014145683860329657,0.0001359768633461745,0.0010127502390475393,2.8302746863800542e-05,5.9053351673335484e-05,3.8018468647670835e-05,2.4570935745516887e-05,1.4284939418956895e-05,1.42145040285387e-05,4.402981378666986e-05,9.425036176720755e-05,4.977361159390238e-05,2.2351213095982093e-05,0.000484730191523691,5.334705862186477e-05,4.6646304354264366e-05,0.04489955206195104,0.0008417380719669018,4.784936604623544e-05,0.009181968876379707,0.045391317823561816,0.03659691593021296,0.0665985338141524,0.005552417774454619,0.002393213515228582,0.0022980534622891627,2.8680336560207848e-05,4.485951044188692e-05,0.038211839443512585,1.7419258869779847e-05,9.462733914571852e-05,1.602641025505247e-05,0.12543581300992326,5.7279914194310156e-05,2.4071000414898612e-05,0.0010742832556877378,5.810549150690385e-05,9.197480675669258e-06,6.431445143749029e-05,0.03413373890293831,0.005429904119599603,0.001324721852289296,0.005248976796620774,0.017496848830395473,3.1056808088299125e-05,0.006497074868399271,2.963769679880571e-05,0.0001981136558526209,0.013685389891875413,6.666351667173145e-05,8.488385091784735e-05,3.755768930928657e-05,0.000148556549206712,0.00132284139352828,0.0003467834891731258,0.00011836851041036277,0.003967233076930463,0.11451003565410815,4.689613292927174e-05,0.020974983566227564,1.7098997198662577e-05,3.616336662880929e-05,0.00047426923130694434,2.4622227560702194e-05,0.0004687589053566791,0.04509307043488926,0.0006747849654434732,0.07405154445250453,0.013054362682666264,0.04323611200965065,0.04604849018091839
nh0195,0.0031662269811675537,0.0008091484144741933,0.0003552715928601257,0.0008941334143493363,0.00013028845786223258,0.034564177300332184,0.00015461670003468918,0.001686195415235263,0.00037150522348276317,0.0005112580078333344,0.004952235331423162,0.00013307751387950725,0.016797965833108972,0.0008858561569486681,0.0014022324958119054,2.9350314378961603e-05,0.0018834576405294926,0.00017493714093992483,0.041016067449997334,6.42370085000004e-05,0.0035374501382730923,0.01635533007729373,0.00043059018383565114,0.04107002415407482,0.004996417756043032,0.003165305893612024,2.240938115258651e-05,0.01280806764380009,0.0011165367943441222,0.0005555130053176229,0.0019076023886707629,0.003976832358962242,0.006887897499487324,0.01320726783672759,0.002413756338460839,0.0001271823751962334,1.278158560594808e-05,1.2718562869490147e-05,3.9396095259700315e-05,8.433140890471528e-05,4.45354130561044e-05,0.0026527477144228807,0.0006042228313368112,0.002008314696850334,0.0006234066538278655,0.0005278638392092415,0.015977926350322108,4.2813676024323175e-05,0.011658101732045482,0.03183425390807429,0.02314328964255343,0.031298238214480516,4.2378217237935993e-05,0.013001607427950269,2.8524658618234325e-05,2.566200431100375e-05,4.013847424462989e-05,0.013308059052520324,1.558604778826003e-05,0.00018929368367938043,1.4339783223662797e-05,0.011232607382452063,0.000278758505016536,2.153775689209781e-05,0.0013545867756790805,5.199044196754544e-05,8.229533438490712e-06,0.004626232833397962,0.0004958983634653215,0.008383834067246935,0.001440176419797643,5.120646891087466e-05,0.0005927935059439822,0.0001415417529525565,1.9946578227485267e-05,2.651861150313022e-05,0.005182760637286321,0.09159325942272037,0.00017598170223930568,0.00040504422831021163,3.360510023803106e-05,0.005129835039016964,2.2283557828931633e-05,0.00012581647420520757,0.0062484654921965204,0.0004442270806937481,0.006620342524340377,0.0005736781078629617,0.006319697097880142,0.0002310038992411568,3.2357516739063955e-05,0.004332764607579445,0.0010627403166915184,0.2527292852914348,0.16945486253433076,2.3099585606953853e-05,0.003301431773329813,0.0005208216218623001,0.04675021000208979,0.00016961349656528836
nh0202,0.0021848437194761107,0.015022101212434281,8.314898266533128e-05,0.01194494778292928,0.0002069215401058444,0.004393899702560621,0.00017082967446772627,0.002525829547492936,1.3543571864116812e-05,0.005789986319820772,0.0004989925167703911,0.010586783666525636,0.004655099439384307,2.0124809764601956e-05,0.0002759075367195043,0.000590357465148965,0.003633525753960943,0.02485520025111056,0.001900810309656298,0.016436794398991168,0.004549702719460274,0.0030376361568187136,0.00045463530425605763,0.02788754572537097,0.00805561904592675,0.0002041266169353156,1.9575236837019785e-05,0.012940318870344416,0.010298923050357536,0.01755742507719757,0.0005397045556491735,0.001335218230987407,6.834678566502634e-05,0.0012074602932469368,0.04904957248393319,0.00020921938942254813,0.0012205473422936671,1.1110029264153032e-05,0.0010494696781319505,0.01056425986244676,0.0004750284013820629,1.7469665567445756e-05,0.009153787397385336,0.00033021128666843824,0.0001781575042302414,0.00071920363471899,0.02357232440060457,8.244377044604493e-05,0.0028705880752039345,0.010374786043223557,0.029717286881632138,0.010372430504416457,0.0069192133397080035,0.015114945426709032,0.00202435055702647,0.00011186400843161604,0.00035835681316141537,0.00379479081179309,0.0009177954809859816,0.00021102212223712,0.0002504840893155581,0.062251329653782925,4.4769871792169926e-05,0.0008536353178677669,0.007187348678308559,0.000184207054720422,0.002226770922930654,9.547780340290896e-05,0.0018562940000094684,0.0006115453724808958,0.024674629344899102,0.0031018854213209148,0.0028196836912348644,0.00032206844334945064,1.7423907881815793e-05,0.00011561559263539585,0.016183807080989668,0.023318305143339477,0.0053373479494274075,0.14376566286794626,0.0013380153658574395,0.01136321448969372,0.0021607812773916588,0.00016461349023439654,0.022398623612226727,0.0015998481108177398,0.1131216503883894,0.006837088148594185,0.009204647873556359,0.0007446276887714327,0.0006291955828332649,0.007439984267954387,0.0007900997939440205,0.019502476772024685,0.05909462783407227,0.00016462334980585602,0.0009424895779500684,0.015938999721767263,0.05742222681470161,0.0005577528498510584
nh0207,2.5333248112809438e-05,0.0002074537230061015,0.02309278481962484,0.015498429435026329,0.0003095273295589147,0.02262435844485188,0.0024128877675463666,2.928966507865859e-05,0.00016133463900282815,0.0014194925595783364,0.0001477031091858099,0.0001693213691545959,0.009877412535483934,0.0021031135845568346,1.7445909018863725e-05,0.0003171086461937355,3.3742489380435715e-05,0.0002557419763482295,0.012165043173740954,0.0009092296518921193,0.006031341753814244,0.0002113586511416453,0.001984309348137993,0.014862222178824538,0.001650746602847486,0.0006743856915792338,0.0003035900970838512,0.0027667024889467986,0.001386549284858383,0.00637068838486838,0.002904074928562803,0.00014591138351411853,0.0010140587888565066,0.011231893027518435,3.418089176733104e-05,7.040378250176327e-05,1.2843020393778004e-05,0.0005059164896022057,0.0019923022054421846,0.005023708967635271,0.0026216587727508943,0.00015671737977087852,0.010970144586648392,0.00044784603409989094,0.0029069429714296395,0.003171213299521432,0.003344870647724097,9.212970797896072e-05,0.0023645469631590416,0.0041111007084119345,0.03381527417539778,0.01753588938260195,0.004378828995628874,0.0034493778603311835,0.0015117097479574028,7.086623746911704e-05,0.00013895875909731905,0.015018540049688278,0.00019403016673267051,0.003071405880717249,1.4408707500120553e-05,0.012280024082618213,5.1498090721696445e-05,6.969429282056371e-05,0.0019756310723490667,0.00028739303107574033,8.269088753169177e-06,0.00015299079408983245,0.001191383955821622,0.0042423151541541035,0.01547247862449114,0.0004731708118147957,0.001250424046473842,0.0003946923419396595,2.00424516065102e-05,0.0003149641606327436,0.0050362061998713,0.12336354195257307,0.00025204934288330265,0.007714194628870388,3.3766623406343313e-05,0.011750678849784769,0.00011901672844493816,0.0001601860355225291,0.0006322561751181665,0.0019700436446568265,0.05122179498286816,8.853098107577785e-05,0.007383709909156248,0.3405497408950948,0.00012622344077149405,0.0006610852483746701,6.716092092309012e-05,0.04043535541502015,0.08295537979413901,0.00020330683896173417,0.0024356349228974914,0.0034325794775520203,0.02060641819829709,0.00027576371551722104
nh0212,3.0699168325627124e-05,0.00048027209331710986,0.000244182566153259,0.007665825769418039,0.0006046644353483202,0.009045680832520164,4.9756731238551755e-05,0.0005778334227212295,0.00038043867011074503,0.0006914874611574189,0.0002305278166277773,0.002590365052447128,0.01482708140723046,0.02337556564925277,2.114118549578594e-05,0.001228732675922148,0.004890891531445245,0.119525607485915,0.13033934956833018,7.821741886562582e-05,0.0003406657972052139,0.0009651685712208517,9.680580768598325e-05,0.007277586057798211,0.009226803913074665,2.745833621513e-05,2.7286512760495514e-05,0.00020638000605476635,5.1628943004033585e-05,0.0013037781790825676,0.0013688091297827767,0.00040222947440391967,3.0835648744459336e-05,0.00041393478463346185,4.142086104445326e-05,2.676986610584053e-05,1.5563343599776893e-05,1.5486604724622262e-05,0.001567319798106126,0.01748888905090631,5.4228008724331516e-05,2.4351493491318117e-05,0.0021614960852338896,5.812125477184198e-05,5.082082891872683e-05,0.0002693263852020395,0.0036777017749642727,5.2131556387338104e-05,0.0002200064655911941,0.04534702712166644,0.013199286089516971,0.007426013316193866,0.004446397397056607,0.006308275603433713,3.473270663190057e-05,0.0020198263535880245,4.887412919640133e-05,0.003264610467338992,1.8978163161411665e-05,0.00010309583750163186,1.746066414110022e-05,0.13382331225025168,6.240607396547732e-05,0.0013767581835266336,0.0055067887019763576,0.0918143118538566,1.0020592164205436e-05,0.00379531413647406,0.0009395192444088688,0.0011352663933001134,5.378281330280827e-05,0.000759802585426623,8.483119477678224e-05,3.383617957448952e-05,2.4287710473864568e-05,3.2290067550003146e-05,0.0031694692817384024,0.07828971981454051,7.262944455716651e-05,0.0067743120353762,0.0035879164571224775,0.004427897426020341,2.713330550755536e-05,2.5106693233398284e-05,0.01726513633592244,3.408378742230659e-05,0.08693483378072996,0.0007486148834620706,0.0020269443101471013,1.8629240265538372e-05,3.9399740108240705e-05,0.008377996945315686,2.6825748186973183e-05,0.04672176164556318,0.022972408547550203,2.812693189225149e-05,0.003922987071598226,0.0007477337466390456,0.027676147067365413,5.575444799854138e-05
nh0216,2.582724262305466e-05,0.009465104046980716,4.2406763269122e-05,0.004659154561589967,0.0005549447089769815,0.005653348581286282,4.1860390359677534e-05,2.98608091219075e-05,1.588274852046969e-05,9.267626894921983e-05,0.0021121646696816835,0.0001289278293122199,0.008146335242532473,0.0003053542506077257,1.778610160858531e-05,0.00023019852729376178,3.4400462824729824e-05,0.0027230008649064275,0.06970947052598785,0.0058066280661650295,0.00023442826684688136,0.00044831425586083,0.0017882204957216485,0.009264295862415554,0.005660893468869878,2.310072715753559e-05,2.295617190430837e-05,0.00036852729207137246,0.00013850696685789943,0.05922165657740226,0.0001246352685653973,0.008010135820011812,2.594206374306308e-05,5.412781383811858e-05,0.0013033379546714867,0.00021158600360134344,1.30934573508252e-05,1.3028896854390373e-05,0.00041020663642939045,8.638910224996192e-05,0.0002439678529495162,0.0006689303729192562,0.001211861732889892,4.889747281184925e-05,4.275561685796572e-05,0.006299376676774996,0.00251529716274614,4.3858333256841786e-05,0.029320281535868187,0.000460432122647421,0.02394627390071651,0.03640499660569855,4.3412249240086507e-05,0.05453665583236952,0.0018804588242963753,2.6288159336542403e-05,0.0012730809741977565,0.062046594088206786,1.5966348642107208e-05,0.018347753295382838,1.4689675119159876e-05,0.0033643402217201647,0.0001441747580773129,2.2063279939844867e-05,0.0009555164023390488,5.325901304731864e-05,8.430334734363761e-06,0.002579503844566457,2.9966766526749433e-05,0.0005416416244793839,4.524753743776561e-05,0.004304909107756156,7.136857345006938e-05,2.846641348840956e-05,2.043327638434296e-05,0.00022433818986609068,0.011003818527116087,0.06936521897316604,0.0003538318144587003,0.0003700478406766702,3.4425067460495865e-05,0.0006150918129990443,0.0011558665662992837,0.00022125435026076635,0.002606821269438736,0.00032140331254205224,0.040819300982517535,0.0003323840261103236,0.00016625180222633822,1.567279944256959e-05,0.00031836149112935964,0.0005189506284032627,2.2568530183651865e-05,0.37142871305957575,0.048084066239824974,0.0001240305496323938,3.3824269194762686e-05,0.0005667505141541369,0.0019161876715754567,0.0006009539598480499
nh0218,2.4427564444689774e-05,0.000653198611153077,4.010857673681711e-05,0.0015389924379190618,1.8568033783066902e-05,0.003002034785410533,0.0011869947248868311,2.8242536373002276e-05,1.5022000943153241e-05,0.0042001023776263285,0.008967422341403916,0.0009170563483245928,0.011313067512300141,2.2321652980304405e-05,1.68222039651917e-05,0.0005769632781656019,3.253616868213924e-05,6.396176440198211e-05,0.06280577684802413,0.0019163446152389726,0.00013231451668555892,7.421266175457308e-05,0.014752029591958891,0.016385625933201288,0.02275093746423592,2.1848809398498432e-05,2.1712088153588055e-05,0.001261270622160591,0.0011381340105931564,0.0001226314908957569,0.005804101483289777,4.3855294308160795e-05,2.453616296407308e-05,0.011755855801634506,3.2958897836762584e-05,2.1300988435255207e-05,0.0014466375109986958,1.23228105376506e-05,3.817024162164505e-05,0.00237651316463937,0.0047882826370562424,1.9376670738244354e-05,0.008581630200831641,4.624752962314656e-05,4.0438524600304245e-05,0.0016196083042401186,0.00389746683867397,0.0005521892687256565,0.013612085813694635,0.00014570866737905632,0.023888941662649918,0.0012692376037606724,0.00035740177108501726,0.00013755773140640288,2.763708191016356e-05,2.4863502298632652e-05,3.888952065279766e-05,0.0017103748465414654,1.5101070450831207e-05,0.014429860329308004,1.3893584804307446e-05,0.15413549413008035,4.965699322411964e-05,2.086758545841423e-05,0.0019961176227645287,5.037270112267517e-05,7.97346228629734e-06,0.008009385720373777,0.0008455289979300876,0.012705779249294773,4.279539836505424e-05,0.00032387623811524954,0.0003543515621483541,2.692370843245162e-05,1.9325918100492192e-05,2.5693455198349415e-05,0.0026289101504485103,0.09834420035806796,5.779180786539974e-05,0.00034785046089258427,3.2559439897521585e-05,0.03351909861371494,0.005471754007204613,0.0126171716963003,0.0012361442476981894,2.712073190212371e-05,0.15265150355675633,4.065510550882742e-05,7.171368528028713e-05,1.4823429817874469e-05,3.1350676356748416e-05,0.0014920342836382552,0.000276699348333922,0.11852938221305348,0.10352323019923486,2.2380816123146164e-05,3.1991201213715875e-05,0.0010021864345450939,0.0005419142807979731,0.038099663423954
nh0219,2.918790275877317e-05,0.0003788045753001345,0.0007662925614974459,0.02050266142253574,2.2186492055272705e-05,0.004615531318125236,4.730729567591935e-05,3.3746319948631017e-05,1.7949423642448765e-05,0.00010473537441124668,0.005986494351221218,3.2276810335619285e-05,0.009026567547243026,2.667160035866107e-05,2.010044245860137e-05,3.3978735330049576e-05,0.0006733406029120272,0.0005838945456893497,0.038055689926117416,0.015719125650587508,0.043638555096606656,0.003744330444046293,0.0018681788901913218,0.052573639049929184,0.016605909192184763,2.6106611060726254e-05,0.0038327268029131924,0.00019622028467308595,4.908734177928877e-05,0.005434470203303799,0.0009020551860817852,0.0014474061942492105,2.931766448883364e-05,0.011679232628447934,0.0005797567466440661,2.545203311290973e-05,1.4797187818682806e-05,1.4724226662143554e-05,4.560869354184201e-05,0.00037883438911646565,0.0003217459406416317,2.3152712689683952e-05,0.0230697002657419,5.526004856236605e-05,0.030959821271772686,0.03831100580329218,0.012406435880974722,0.0016706900956031472,0.0014635682480937519,0.042081326832654434,0.013103991757914508,0.031023266128993875,4.9061083595047934e-05,0.007323167921498974,3.302287713360068e-05,2.970879429990751e-05,4.646814256572006e-05,0.06095440324134255,1.8043901874468752e-05,0.017640347492828858,1.6601106637426146e-05,0.0004993367571705515,5.933393371248431e-05,2.493417043478477e-05,0.0003769492817203728,6.018911567686006e-05,9.52729619811868e-06,0.002603961668471014,3.386606461027514e-05,0.02091626772220961,0.008671548762389573,0.0010171052446516905,8.065510562995641e-05,3.217048451192569e-05,2.3092069596967307e-05,3.070048483811673e-05,0.0122496627085646,0.06822034006901193,6.905402591602544e-05,8.792772919552055e-05,0.000517816348637691,0.0042246345459178505,2.579758103796879e-05,2.3870735288911372e-05,0.0130532334985286,0.014242323894799838,0.05154035535100252,4.85777969771062e-05,8.568893870585247e-05,0.0002714462502036088,3.746016083570147e-05,0.0003979779387749441,0.046917638619515784,0.048934237284149563,0.09564993837759923,0.07971876765177441,3.822550841188225e-05,0.00022105222623972374,0.008567583527835033,5.3009755485526094e-05
nh0228,2.7112656868118964e-05,0.0555893093170085,0.05658801735839996,0.010357204970666152,0.010136730239250456,0.0033602965957111194,0.002035375970458998,3.13469727815226e-05,1.667322822815484e-05,0.0002554711856949239,5.450161931691049e-05,0.01582000652816256,0.020384467825168832,2.4775262362096874e-05,1.8671310637884798e-05,0.0020903397894058155,0.005765036329020341,0.05554739651098263,0.010057832588747108,0.001326511945474607,0.01777104030060222,0.02040836661563643,0.0002436786595925775,0.07148603505005517,0.0015254222025503097,2.4250443532334886e-05,2.409869380680533e-05,0.0008158006097467413,4.559725531598546e-05,0.00013611121736720227,0.01050808461873543,0.02173318573296166,0.0031271950035761703,0.00021932258870368623,0.002409318452265846,2.3642405762740327e-05,1.374511485997288e-05,1.3677341206678959e-05,0.020248661482670047,0.01781063652392816,0.0008398070448496128,2.1506565919090022e-05,0.0014634194357070426,0.001876810603026704,4.4883551294012784e-05,0.001514213302358917,0.0028422104292134273,0.003380317441473241,0.01626326477236047,0.010135061101898345,0.07148639381539026,0.02756001433325244,0.0016273973259168628,0.005265095564741822,0.003280691957227078,0.0005150990618939432,4.3164279910604856e-05,0.007602321901538012,1.6760989103180178e-05,0.010130421999763007,1.5420775915676167e-05,0.004980244932978035,0.007651475485566562,0.00035506672967637636,0.000573718426865964,0.008910778564800232,8.849910006736755e-06,0.02710187822291495,0.0013149930950467966,0.00025791602406007193,0.0002058823673325798,0.0030643412190241,0.00023330343960024756,2.988317848875957e-05,0.004371074291523766,2.851769508689887e-05,0.000831728289909759,0.015261531063587071,0.003412894087511498,0.003232388432281069,3.613839291094564e-05,0.05194276193211047,0.0023997064849972287,2.2173537455801624e-05,0.018940755839448514,0.00044924601997733916,0.14316952842039504,0.0008360361698253178,0.00023797936955815223,0.005521184494138657,0.009537769159767144,0.009400103163696107,2.3691759272084798e-05,0.02394873312733424,0.01418792148030117,2.4840928752814624e-05,3.5507693092791456e-05,0.015431760340549857,0.017813277989487963,0.0002151934706903223
nh0233,2.2839610250360308e-05,0.013691429654083516,0.0007789498039766546,0.0019274222230613969,1.7360988062523028e-05,0.003345928837972463,0.014564980911468772,2.6406583624067417e-05,1.404547094733996e-05,0.003241121049369586,4.591197938537207e-05,0.07487729320196815,0.034441799484214934,0.0019980667345122,0.003994332066054915,2.6588449267915124e-05,3.042110126953661e-05,0.0017898504444949124,0.0060415162707503425,0.0005417356635252392,0.0003708627100568978,0.0010463178790185994,7.202172039538551e-05,0.11877103946700278,0.0053907602095452775,2.0428491437450414e-05,2.0300657983003188e-05,0.018760052452498076,0.0003699612581028384,0.0039874714763976,0.004402213110271994,4.100440842889599e-05,0.0005172401835113706,4.786644047952464e-05,0.0007695263245661597,1.991628248122055e-05,1.1578838170498954e-05,0.015243137544315338,3.5688921987061636e-05,0.00549360230037108,4.034462988637231e-05,1.811705823612177e-05,0.005567782733721915,4.324113253395921e-05,3.780975148225777e-05,0.00726571330450915,0.00048901006279882,0.0006174847102956673,0.010110189261572138,0.018614789585133042,0.02787336312003977,0.016883194537875013,3.8390426233499596e-05,0.04979541505437566,0.001834810721199165,0.04288183055384765,3.636144309615459e-05,0.0021429609387220673,1.4119400411005554e-05,0.005258149692178177,0.004214532201491024,0.03834935946986372,0.00029357847550318724,1.951105358110622e-05,8.354138866607521e-05,0.0010195626956480423,7.455134193886713e-06,5.213089137997143e-05,2.650028413499881e-05,0.00502683673251646,4.0013412773094755e-05,4.6387939265202286e-05,0.009346520804712452,2.5173488273212235e-05,0.006317525015515797,2.402320968363931e-05,0.007562289015965133,0.0897010390348415,5.403495589165766e-05,0.003695378868177379,0.004340596561730496,0.033797642224617515,2.0186674636367678e-05,0.0022348088358458444,0.005766691101200829,2.5357703906648526e-05,0.025486371891613967,0.013818997975589605,0.0008066746520754592,1.3859808266207276e-05,2.9312673831834944e-05,0.016069802021981418,1.9957857710214083e-05,0.022976320981607658,0.040518148780501716,2.0925914185798395e-05,2.9911560311980318e-05,0.039211288570657934,0.10152711382454524,0.0010085669896769509
nh0237,2.4176569820291087e-05,0.009035615074474966,3.969645881257552e-05,0.02430955021532981,0.0005029322873771106,0.01024871703123552,0.00019072218226238676,2.7952342693437598e-05,1.4867649022683206e-05,0.01157875377256345,0.004766227522356982,0.0001820860253180885,0.00027087363091028363,0.00910816743609497,1.664935485551637e-05,0.0018923555223657172,0.007180123068066969,0.0034126031032816165,0.05742767958998956,0.014748087719513627,0.03138895742702553,0.06666307991337861,0.0067952835851023685,0.010348286843900724,0.003738272158927896,2.1624311629965202e-05,2.148899520368057e-05,0.0020822868661660838,4.065943194437822e-05,0.006182556132093894,0.004295516680777209,0.00019411965399053024,0.0023536860518646578,5.0668392657172385e-05,0.0001864654331062508,2.1082119558510105e-05,1.225662725407074e-05,1.219619295326404e-05,0.005158404945193118,0.0020632519577890927,0.017342250353764292,0.0010960939031695262,0.019013602922039668,0.010898072759584976,0.0012602930959189796,7.915462819386484e-05,0.016620861045031174,0.0037079537506671625,0.00820424103036948,0.0070865708317513825,0.07298762283467547,0.011816163091630466,0.0042504756383022245,0.02456844292295944,0.0018858126240093218,0.00032768238144786335,0.00033991987928836905,0.012542476130747571,1.4945906086638995e-05,0.007148931117824504,0.0013003766452931555,0.007544451975467145,0.016674424949386986,2.0653169822090703e-05,0.017344818466761752,0.00916440541597967,7.891534504416437e-06,0.009926701947537352,2.805152814011982e-05,0.02033124321161868,0.016109590784754636,4.910334459174467e-05,6.680725945749847e-05,0.008999721623354183,0.001465830618553561,0.0001761444288182679,0.0030716946339583275,0.07838832503689472,0.0009185018297151594,0.003600383831397557,3.2224889786878585e-05,0.03462722115683513,2.1368339627334204e-05,1.977231811218729e-05,0.0011731889845776587,0.013464933940346693,0.1468366836099078,0.0006586295296669457,0.0006831843247286451,1.4671118227095044e-05,3.10285463607505e-05,0.021046843608122912,2.112612847177696e-05,0.0245673682359944,0.014831263430117378,0.0001990155134934756,0.0075235356792828926,0.0030860606089407184,0.0151226030327928,0.003050607644274639
nh0241,2.4579552450198817e-05,0.00010532364971188399,0.12737536804543656,0.00021241185500068976,0.0005135941828313552,0.002361211125201738,3.983815366774909e-05,0.0050902565389775115,1.5115467648246757e-05,8.819916422253607e-05,4.9409595567743845e-05,2.718076591957303e-05,0.00012132559173875822,2.246053803058534e-05,1.6926871511345347e-05,2.8613981420276653e-05,3.273860832347561e-05,6.435973371334377e-05,0.04667920284709805,0.016621218716153505,0.02900799563258892,7.46744120231737e-05,0.006016435827947144,0.0296700450657978,0.024444198001088747,0.003616984533707909,2.1847180499014968e-05,0.0032023428888615217,4.133715607717674e-05,0.0011357621581018268,0.007542273538721288,4.412816140991389e-05,2.468882666823393e-05,0.03266251565910562,3.3163967693699336e-05,2.143352292329129e-05,1.2460924551882553e-05,1.2399482913241875e-05,0.00031494618110982416,0.0053915093120998885,4.3418120340311104e-05,1.9497232145239284e-05,0.0068753154521489475,4.653528118360433e-05,0.00028814544208820324,0.009144216828472176,0.011573051107187269,0.00961235993828652,0.018049073016716658,0.0287530718513385,0.012794517261136696,0.0009376775695875484,0.007959884947210514,0.0012621383614691785,2.7809039493864814e-05,2.501820270410677e-05,3.913149077194747e-05,0.07255682114881347,1.5195029125428922e-05,0.006385579203884923,1.3980030518064899e-05,0.008879785209607973,0.00029742126791040634,2.099742331845939e-05,0.02198528862058325,0.005989613547095246,8.023073070566881e-06,5.6102269911957496e-05,2.851909978766381e-05,0.0011536361449751846,4.3061670807286325e-05,4.9921814502403334e-05,0.0017388824206906626,2.7091227415149248e-05,0.005550215058011474,2.5853319560556925e-05,0.0017387022413024144,0.09237267865248662,0.004595872938721165,0.011344812637257735,0.0003093004690463877,0.042606986386383126,2.172451379777244e-05,0.0011262556681539177,0.0006094381037984395,0.0005222000957329082,0.051597358558674464,4.090806107523426e-05,7.215988694800283e-05,0.09548585729219093,0.015869473238524858,0.005183308092576048,2.147826539089357e-05,0.014335439527335481,0.0727359532836053,0.0011286738481430289,3.219025007416696e-05,0.00018615125704635863,0.012454926486520487,0.0005508241048277051
nh0250,2.534285005553149e-05,0.00045142328306823113,0.0004630354387359583,0.011166529866383373,1.926376643303064e-05,0.003924645487144277,0.0003955712077311779,0.00392875581245051,1.5584865953312192e-05,9.0938116080175e-05,5.094396955822754e-05,2.802484205072124e-05,0.01689526070356284,2.3158031401466087e-05,0.0007031103110836077,2.9502564869523077e-05,0.003119215331943561,0.0024661606355200114,0.02689489522778531,0.0028072013871397678,0.00013727225913679606,0.0017874176376954738,0.0017656114338915454,0.00653057989587397,0.016452318065391713,2.2667470665435183e-05,0.0012867976824619419,0.00017037131079344252,4.2620847157756877e-05,0.0008054438054569152,0.00012229772140151852,4.549852484513781e-05,2.545551769373241e-05,0.003424504790243205,0.00045561786582485,2.2099123192227794e-05,1.2847888223818985e-05,1.2784538566074334e-05,3.960045677869637e-05,8.476886583310467e-05,4.476643403930758e-05,2.0102702510789245e-05,0.0013421394838072814,0.00038708909025076576,4.195373090644801e-05,0.021746288403127177,0.0023016929769436303,4.30357657468822e-05,0.004656374014943685,0.0004939971751181119,0.0917126925973822,0.0022283639630878253,4.259804808132286e-05,0.011501097824298985,2.8672626139523913e-05,2.5795122229084438e-05,4.034668674672543e-05,0.008069777833961206,1.5666898146148473e-05,0.00043960383290796065,1.4414168765233447e-05,0.0005801414767051915,0.00047294162843626114,2.164948087604144e-05,9.269759261158243e-05,5.226013482983863e-05,8.272222947261372e-06,5.7844479350647985e-05,2.940473676654181e-05,0.07142804546436188,4.439891526181503e-05,5.1472095026865775e-05,7.003004858163896e-05,2.793252300234124e-05,0.006533799049624919,2.665617294653523e-05,0.00017818361221951057,0.19538339312441955,5.995723087691198e-05,0.008293077491604644,3.377942181191769e-05,0.03048236535696571,2.2399150546852965e-05,2.0726136788307997e-05,0.02422815995458008,0.00952318037551252,0.09795808588395324,4.217842696659029e-05,0.008936798583829396,1.5378854491764626e-05,3.2525366654852426e-05,0.00012524195898537915,0.0010394713386743845,0.13224894474486149,0.11361747019126507,2.321941135038598e-05,3.3189891578887396e-05,0.0001919320298664107,0.04602516011784881,4.602654379976914e-05
nh0251,3.080353403153935e-05,0.00013199347851428048,5.0577531430389116e-05,0.00026619832958607115,2.341457585059448e-05,0.0005058009772692772,4.9925885540209555e-05,3.561427224038633e-05,1.8942973963776745e-05,0.003844858961522129,0.0003811133550611661,3.4063421199522304e-05,0.032556845328330725,2.814794732302877e-05,0.0016171748957346705,3.585955245699346e-05,4.102860854284029e-05,0.0008541076088751765,0.004740654198533691,0.0010493735178543368,0.002365450142283797,9.358330655944942e-05,9.71349112743406e-05,0.014124214362723084,0.05032082428695486,0.0015744533670144494,0.0029001105853004353,0.0016210552909263509,5.180446212640733e-05,0.00015464019393742834,0.00014864950133535349,5.5302199846545555e-05,3.0940478432819e-05,0.004991700757371122,4.1561676500968014e-05,2.6860873651832566e-05,1.561625315497775e-05,1.5539253396310202e-05,4.813326107261672e-05,0.00894230019689727,5.441236369938159e-05,2.4434279473703078e-05,0.00017599497007094968,5.831884532929377e-05,0.0003768425114342995,0.007060141779115672,0.002792101719075873,0.0003715011518284063,0.005634910294892328,0.015824166881429562,0.04158300317172778,0.021788368339020682,5.177675047892948e-05,0.04057808393839405,0.00038834420234540616,3.1353258362426725e-05,4.9040282980775014e-05,0.0025702353731832613,1.9042681827658554e-05,0.00010344632484198393,1.752002387747656e-05,0.007401027596033019,0.022431713928472582,2.6314345839912547e-05,0.00011267136262874304,6.352074996286396e-05,1.005465843478915e-05,7.030836643511017e-05,0.006100395629898271,0.01171484533338547,0.00037981456545896114,0.001123043161807254,8.511958915386595e-05,3.395120994694806e-05,0.0013554104291394805,0.008295085806895672,0.00021657725752389508,0.28784800358497864,7.287635754095874e-05,0.04877018698964174,4.105795390293986e-05,0.00016240157638773702,0.022815687689049083,0.0015720937293249382,0.02620364780065839,3.419965956896412e-05,0.05170802399953972,0.0003771156232871567,9.043205883501992e-05,1.8692572724264894e-05,0.0006779184197503209,0.013990661180461885,0.0018996675391025255,0.002781093460045527,0.10810557831101328,2.8222552955041962e-05,4.034139619313302e-05,0.00023328807931142598,0.09958359802440246,5.5943992296986e-05
nh0254,2.165829182406546e-05,9.280601614115965e-05,0.00048648323379786416,0.000579680807824262,1.6463036877186155e-05,0.00013120649469989504,0.06379293458072448,0.0004275070471007842,1.3319006114787935e-05,7.77167623877915e-05,4.353730369515299e-05,0.004984088332148257,0.03920393298780664,0.01805665649896209,1.4915126042427679e-05,0.0004761348665183213,2.884765027435957e-05,5.671062958965587e-05,0.01769425775543754,5.5182461803133604e-05,0.06675875470483858,0.0012433412244869152,6.829658741527336e-05,0.04793510106019156,0.0004839760985697074,1.9371881754013024e-05,1.9250660146860035e-05,0.08438332518144508,3.642426733808137e-05,0.032978438986234836,0.000555438677085244,3.888356386520164e-05,0.0004726762133452581,4.539067545902845e-05,2.9222456015394593e-05,1.8886165451181132e-05,0.006047974065878229,1.0925814045907647e-05,3.384300689937968e-05,0.00046495838602229314,3.825791062258515e-05,1.718000132096492e-05,0.0001237439320261595,4.1004599332372795e-05,0.001998423822189969,0.0176568534738213,0.00014931558751159768,3.677886154776239e-05,0.00015521476622471202,0.11569631440264808,0.000623209183933148,0.00014647237770560294,0.0044288057306905,0.0005244295380924187,2.450395685297411e-05,0.006854019131505975,0.0008394132919642798,0.005051129647097392,1.3389111772499008e-05,7.273420930406136e-05,1.2318514801401179e-05,0.011340208525973072,0.0027495573500133123,1.8501895944039127e-05,7.92204313157659e-05,0.003577287537873829,7.069537097561472e-06,4.9434558916707785e-05,0.03228358430660933,0.0036868827318301115,0.11474286847372275,4.398864580917822e-05,0.01497537805555632,2.3871456179613197e-05,1.7135002342791462e-05,2.2780672707441118e-05,0.008072222856599955,0.10430899091557927,5.1240140728039116e-05,6.524498981933805e-05,0.005663396121627462,0.02209496668962492,0.000824075120618592,1.7712795441832918e-05,0.002053552265979349,2.4046143746685626e-05,0.0065890692005373215,0.008278838826325062,0.030952933563833086,0.01257358889892808,2.7796553313930257e-05,0.00010703322200854537,1.892559031142716e-05,0.003468302189524,0.0007063069978575526,1.9843576626454172e-05,2.836446397502708e-05,0.024117329760683467,0.04387708450224409,3.933481495112861e-05
