1.000000000000000000e+00,1.745759378358148484e-01,2.170850546202623965e-01,1.028490318423148364e-01,1.659264660092966137e-01,4.659755714531500503e-01,1.011173033056708970e-01,2.592557386774551054e-01,1.747615051332060687e-01,2.034614836365020996e-01,8.469044373865061703e-02,1.722132648743153749e-01,1.352744219134741910e-01,2.506313362391864863e-01,8.782477862336901531e-02,2.199064068752230316e-01,2.301049620955649688e-01,1.806748385656178346e-01,1.594178965778569601e-01,6.910294645160085236e-02,9.059148377416054165e-02,6.780632861507075726e-02,2.177458045190277247e-01,2.027224872869566041e-01,2.483029407415416057e-01,6.304167042955026445e-02,5.675426076854123841e-02,1.872751803350805322e-01,3.187266824404899057e-01,1.355312392751811812e-01,2.050295254659693645e-01,1.986914626267861639e-01,2.258098160110958985e-01,3.989512456200356438e-01,2.210886441597869068e-01,2.049169625038423648e-01,8.711539179384827913e-02,1.028077018134262999e-01,1.905786127816348208e-01,1.446418415277312963e-01
1.745759378358148484e-01,1.000000000000000000e+00,2.115055511659383047e-01,1.738002070850734881e-01,1.337798339197152353e-01,4.147803079214935074e-01,1.713764240287140306e-01,3.120551756896374762e-01,4.217608982324194677e-01,3.679965982386795842e-01,1.606744310253979124e-01,5.206407101239324264e-01,2.159460830375134754e-01,3.921267258084825680e-01,1.374207212679763312e-01,1.954803780654110756e-01,3.432630399181987313e-01,3.370843051502181997e-01,3.692017297274818866e-01,2.319582361679080051e-01,1.103206338549071880e-01,1.503925112872082082e-01,1.576682660808169101e-01,5.261519706745934055e-01,6.531010528284434402e-01,1.582369050399163035e-01,3.195708784887548171e-01,2.378326973198760519e-01,4.886549518051006014e-01,2.096693664923832690e-01,4.391286306871083900e-01,2.730730075629688725e-01,1.538213663341476689e-01,3.235056943763012782e-01,4.214009953366562033e-01,7.078506500559956782e-01,1.185353143676015492e-01,5.789424157570614016e-01,5.235049821334208930e-01,2.917649307003321590e-01
2.170850546202623965e-01,2.115055511659383047e-01,9.999999999999992228e-01,1.191657713712223343e-01,8.066887775662472393e-01,1.670322355433083439e-01,5.780632356702633534e-02,2.100292560077565429e-01,2.010791285788630089e-01,2.481823821571464417e-01,7.130230412435308029e-02,2.107461639613729398e-01,3.070588504117239270e-01,2.424464130568953213e-01,1.636635987755740984e-01,4.749599860186053402e-01,5.063013640968357931e-01,1.994347094371478613e-01,2.612615436721285045e-01,8.787027285123023834e-02,5.442065267530588057e-02,1.380567262022186492e-01,1.145416294248849526e-01,4.299495602216938384e-01,2.700076450880566359e-01,8.317949388749833195e-02,9.415455283380481932e-02,3.342180119010410011e-01,4.445635915834497132e-01,2.014146175700302355e-01,3.267200917021418349e-01,2.000661886994421212e-01,1.376594996627591438e-01,1.577922249300300617e-01,4.603809526595999957e-01,2.682293906035841946e-01,2.036582095811656501e-01,9.055112494853742588e-02,2.088210615719387209e-01,1.940806687898831984e-01
1.028490318423148364e-01,1.738002070850734881e-01,1.191657713712223343e-01,1.000000000000000000e+00,7.619151932940637639e-02,2.325372849241734430e-01,9.001335091737390492e-02,2.466025427462208153e-01,2.671275017483105696e-01,2.591758602156795099e-01,9.764749308950779194e-02,2.690184676305129030e-01,1.382733501811886090e-01,5.959579208047172116e-01,9.343730741408015628e-02,1.290084263480484883e-01,2.141086844036420300e-01,7.025389547915634747e-01,2.837518630924445451e-01,1.441056808427390035e-01,9.245219725249317899e-02,8.754299082485021699e-02,1.100268176684149335e-01,2.229809395622015245e-01,2.418041179608547420e-01,1.025919727264489323e-01,1.539152449833716962e-01,1.893755244631911139e-01,2.674512790880225199e-01,1.708240409939962567e-01,2.368108120528621130e-01,2.030075958689049609e-01,1.316868341094993844e-01,1.928858525827547854e-01,1.715647432790636251e-01,2.413808473497006946e-01,7.552926426343423150e-02,1.543938533886458908e-01,3.021503048754344833e-01,2.288681812109409908e-01
1.659264660092966137e-01,1.337798339197152353e-01,8.066887775662472393e-01,7.619151932940637639e-02,1.000000000000000666e+00,1.524643616320237316e-01,7.569156013327495158e-02,1.156437020217323947e-01,1.696866049734642723e-01,3.029894033953949295e-01,3.284325992723825804e-02,1.697768787331415674e-01,2.358899067348512457e-01,3.329198540766701853e-01,1.867704459877265466e-01,5.352506955057210192e-01,2.416093096554731978e-01,1.614683515985569084e-01,2.244079660307057578e-01,5.589521114160894005e-02,2.431464563560526912e-02,5.130192845906148685e-02,6.786609868869585005e-02,3.268754753834325344e-01,1.521507278780401817e-01,5.669387387165817499e-02,1.112056100298541156e-01,2.110969899477518619e-01,3.606630468411762269e-01,1.242633925668694961e-01,3.358622885680244141e-01,1.233521542953495004e-01,1.241101100324043804e-01,9.140710210466389263e-02,3.103711240509376412e-01,1.561288642583386066e-01,1.725805236621578975e-01,7.306887792330643561e-02,1.112321126981541120e-01,1.562603542831930981e-01
4.659755714531500503e-01,4.147803079214935074e-01,1.670322355433083439e-01,2.325372849241734430e-01,1.524643616320237316e-01,1.000000000000000000e+00,3.317226979814274501e-01,5.067947679635393943e-01,5.711224706952241492e-01,5.252846863594069493e-01,1.551956477532778766e-01,7.116295322393464406e-01,2.573582449972513508e-01,5.654369974196227222e-01,2.324549641641847908e-01,2.283859145111445110e-01,4.066201191417099792e-01,5.613984783979812931e-01,6.862623089179297198e-01,3.371885093721478377e-01,1.808042781517067710e-01,1.578370856287896751e-01,3.318461375994034568e-01,4.421904444496276843e-01,4.843379037009357679e-01,2.349854707010579080e-01,6.892717952007166859e-01,1.415457291425156194e-01,6.201707259412533313e-01,2.462377153612428093e-01,5.112178120427185446e-01,5.067089858866379304e-01,1.902814011753647117e-01,5.908420071884824543e-01,3.066017736547033690e-01,5.061438758792440318e-01,1.403181694896172282e-01,3.766044704435909107e-01,5.589646038113652571e-01,3.916695100916975369e-01
1.011173033056708970e-01,1.713764240287140306e-01,5.780632356702633534e-02,9.001335091737390492e-02,7.569156013327495158e-02,3.317226979814274501e-01,9.999999999999995559e-01,1.997977872005023137e-01,1.633451861445083808e-01,2.648016418404490757e-01,4.729399962792720652e-02,3.155283016608527169e-01,9.147760925614949190e-02,2.571317974415846530e-01,1.414552352550568770e-01,7.333392928345747186e-02,1.276796434161538152e-01,2.675151033934567435e-01,2.177057470871469058e-01,1.374257453185374345e-01,5.500316043863474197e-02,4.835541928322650146e-02,1.597900502068618223e-01,1.871560116589958134e-01,1.290229537243763880e-01,8.777324628301320930e-02,2.269802874862501818e-01,4.603980517890655239e-02,2.615291639320839745e-01,1.413520980629624779e-01,1.852730101819170250e-01,2.147788814620882614e-01,7.573613707754195401e-02,1.531440657448067677e-01,9.799671732847489714e-02,1.661840246909100927e-01,4.256330829740088278e-02,1.794770355932871486e-01,1.600133279178364565e-01,1.388918590464118530e-01
2.592557386774551054e-01,3.120551756896374762e-01,2.100292560077565429e-01,2.466025427462208153e-01,1.156437020217323947e-01,5.067947679635393943e-01,1.997977872005023137e-01,1.000000000000000000e+00,3.347742132063761811e-01,3.031843519177491730e-01,1.469857000711195516e-01,4.348391460178223089e-01,1.764907300521399991e-01,4.357483113799384689e-01,2.072379465796694575e-01,1.994686587281364332e-01,4.426192580378775498e-01,5.222059991763998710e-01,3.676796996657158423e-01,2.261852139604711154e-01,2.220770431370060749e-01,1.817607999280326792e-01,2.248194513028254349e-01,3.838960985013185057e-01,5.132868290466645611e-01,1.843891573023694885e-01,2.356262417508535600e-01,2.011304565661667099e-01,4.237228269978519646e-01,3.227558769819412476e-01,4.107448146228394048e-01,4.815450271343291733e-01,2.275520918482591137e-01,5.444702661866938076e-01,3.048012752781722456e-01,4.982759935424995734e-01,1.746289465844874100e-01,3.485625519096215985e-01,5.417729230807066809e-01,4.358723238498670716e-01
1.747615051332060687e-01,4.217608982324194677e-01,2.010791285788630089e-01,2.671275017483105696e-01,1.696866049734642723e-01,5.711224706952241492e-01,1.633451861445083808e-01,3.347742132063761811e-01,1.000000000000000000e+00,5.255414242502574051e-01,1.287684630745151437e-01,6.224208314506020079e-01,2.550598486014390986e-01,3.495696416858111166e-01,1.990249791014021830e-01,3.525718412621223763e-01,4.714591200046248654e-01,3.961722715006121831e-01,6.447677869223654712e-01,3.594194933478735976e-01,1.369817292204975889e-01,1.277069057313736655e-01,1.990183280483875661e-01,4.362318194899280632e-01,4.091475846800017302e-01,2.101101448955911000e-01,5.017069568911830535e-01,1.381997867762129739e-01,5.965263732772851935e-01,4.053888013425636094e-01,4.907989840787451152e-01,2.901866442584994377e-01,1.907770587811903062e-01,4.437789073809315088e-01,3.388561200233737303e-01,4.392191123463413671e-01,1.389022047073857069e-01,1.941622817610069440e-01,5.430422293165227954e-01,3.919455275832295915e-01
2.034614836365020996e-01,3.679965982386795842e-01,2.481823821571464417e-01,2.591758602156795099e-01,3.029894033953949295e-01,5.252846863594069493e-01,2.648016418404490757e-01,3.031843519177491730e-01,5.255414242502574051e-01,1.000000000000000000e+00,1.063037542788838191e-01,5.324777600500461006e-01,3.109499182992112032e-01,5.021936940726311471e-01,3.272430698468324906e-01,5.156002692380146080e-01,3.894006841934081753e-01,5.155380872196778652e-01,5.605757796257145875e-01,2.149849382962545907e-01,7.275106116965186775e-02,8.270160016327537944e-02,3.362096512599430653e-01,4.225699425688655975e-01,2.386458860981267582e-01,1.503487764275304173e-01,3.943669820029975237e-01,1.748719638511094521e-01,6.063167134070481801e-01,2.250014440419684236e-01,4.311071856444372297e-01,3.339942904478855334e-01,1.968537442663272352e-01,2.564241169202814419e-01,3.765675300462771324e-01,3.567812027005071718e-01,1.424694059770879595e-01,2.664219750407063048e-01,3.111633773309707696e-01,3.169753852205928202e-01
8.469044373865061703e-02,1.606744310253979124e-01,7.130230412435308029e-02,9.764749308950779194e-02,3.284325992723825804e-02,1.551956477532778766e-01,4.729399962792720652e-02,1.469857000711195516e-01,1.287684630745151437e-01,1.063037542788838191e-01,9.999999999999994449e-01,1.255684855704051472e-01,7.352742972623226014e-02,1.212411890291562599e-01,2.979893068173496140e-02,5.874175691823574352e-02,2.118149421614161920e-01,1.106270986989236760e-01,1.053631669894352918e-01,8.088517539939771295e-02,5.790714654404253980e-02,5.942343088072932211e-02,7.242838668670807667e-02,1.568135040382838685e-01,2.029144708164541400e-01,5.539262669012202239e-02,8.670649411083385105e-02,1.632176784874991571e-01,1.753770775737795717e-01,1.377905048447251035e-01,1.410883543169055843e-01,9.039303632443354553e-02,1.025832965984725953e-01,9.910646717181544052e-02,7.717238611285673344e-02,1.742294384015866671e-01,5.034046266779580031e-02,8.372333674838203232e-02,1.904404619048506719e-01,1.321561577943537180e-01
1.722132648743153749e-01,5.206407101239324264e-01,2.107461639613729398e-01,2.690184676305129030e-01,1.697768787331415674e-01,7.116295322393464406e-01,3.155283016608527169e-01,4.348391460178223089e-01,6.224208314506020079e-01,5.324777600500461006e-01,1.255684855704051472e-01,9.999999999999996669e-01,2.687236852762294737e-01,5.135045428078924834e-01,2.380083935508010007e-01,2.289077720345288336e-01,4.589569076146728377e-01,5.621017653614996945e-01,6.368135454257713990e-01,3.664147673456502052e-01,1.277815774134475335e-01,1.468184402806202438e-01,2.553009749160417008e-01,5.969153975103720366e-01,4.515457768599677180e-01,2.581018384078566097e-01,5.047385861598487899e-01,2.252254162381756297e-01,7.083990472791605875e-01,3.022003216492621935e-01,4.845445231639122219e-01,4.440942306146129503e-01,1.781990608916634855e-01,5.185860557238788360e-01,3.710911525664577493e-01,5.781792152841298549e-01,1.258216009351864895e-01,3.299301206265650710e-01,4.650405881001551389e-01,3.855588008145953705e-01
1.352744219134741910e-01,2.159460830375134754e-01,3.070588504117239270e-01,1.382733501811886090e-01,2.358899067348512457e-01,2.573582449972513508e-01,9.147760925614949190e-02,1.764907300521399991e-01,2.550598486014390986e-01,3.109499182992112032e-01,7.352742972623226014e-02,2.687236852762294737e-01,9.999999999999996669e-01,2.477607182925706253e-01,9.293307104626649662e-02,1.974466532827158227e-01,2.947808793960818852e-01,2.351045667376067960e-01,3.031224780728388746e-01,1.280179038136511349e-01,6.806677270093214327e-02,8.129071915480524935e-02,2.023992780660040514e-01,3.351780775634236598e-01,2.192383002879414178e-01,1.001262071702984785e-01,2.091189164817109647e-01,3.467217237380591510e-01,3.687396201049304989e-01,1.893740148990551431e-01,2.845551085420081616e-01,1.584180556177662014e-01,1.202014898160461420e-01,1.575980518132319153e-01,2.917358607812586824e-01,2.274559301332106098e-01,1.134993241885810106e-01,1.364395610553521265e-01,2.339795444985405259e-01,1.902677772944846302e-01
2.506313362391864863e-01,3.921267258084825680e-01,2.424464130568953213e-01,5.959579208047172116e-01,3.329198540766701853e-01,5.654369974196227222e-01,2.571317974415846530e-01,4.357483113799384689e-01,3.495696416858111166e-01,5.021936940726311471e-01,1.212411890291562599e-01,5.135045428078924834e-01,2.477607182925706253e-01,1.000000000000000000e+00,3.196010882192400482e-01,4.373169288419950229e-01,3.204709527265973690e-01,7.636085119388885678e-01,4.550732118477310295e-01,1.982404342503192030e-01,1.359666529474113927e-01,1.294040215195081944e-01,2.616051703909180182e-01,4.513019758833211048e-01,3.628867086494072525e-01,1.639837044906058416e-01,4.327319157180020137e-01,2.520804563464721371e-01,4.623066913268045752e-01,3.549042268342578743e-01,6.190949638982986558e-01,4.640010013772738473e-01,1.848574583773650026e-01,3.411353319366430825e-01,4.175907373607271045e-01,4.988256307922054877e-01,1.374544794977839712e-01,3.391162878149605597e-01,3.740595914126726429e-01,3.870397261227898622e-01
8.782477862336901531e-02,1.374207212679763312e-01,1.636635987755740984e-01,9.343730741408015628e-02,1.867704459877265466e-01,2.324549641641847908e-01,1.414552352550568770e-01,2.072379465796694575e-01,1.990249791014021830e-01,3.272430698468324906e-01,2.979893068173496140e-02,2.380083935508010007e-01,9.293307104626649662e-02,3.196010882192400482e-01,1.000000000000000222e+00,4.207293696925016868e-01,1.709812855731297487e-01,2.507517450103787793e-01,2.432083698060574783e-01,1.011140894906831927e-01,5.024556871209668457e-02,4.868072903687500896e-02,1.280126964649023480e-01,1.863087886598189802e-01,1.063367988276914672e-01,8.895054459921054868e-02,1.686725697367005561e-01,4.398304913291319063e-02,1.717689011222315598e-01,1.509607855041855129e-01,2.312984361519713761e-01,2.467949335236210850e-01,5.486697490539130251e-02,2.531577670773905164e-01,1.529922145132605882e-01,1.846310185531130077e-01,7.388170967658162780e-02,1.380494348170373808e-01,1.300686627695965547e-01,1.976790837677290802e-01
2.199064068752230316e-01,1.954803780654110756e-01,4.749599860186053402e-01,1.290084263480484883e-01,5.352506955057210192e-01,2.283859145111445110e-01,7.333392928345747186e-02,1.994686587281364332e-01,3.525718412621223763e-01,5.156002692380146080e-01,5.874175691823574352e-02,2.289077720345288336e-01,1.974466532827158227e-01,4.373169288419950229e-01,4.207293696925016868e-01,1.000000000000000000e+00,4.398414632565973981e-01,2.784295627357178948e-01,3.058309445914239588e-01,8.521038214990804549e-02,3.156256462441552751e-02,9.212731504264640159e-02,1.614354153869360375e-01,3.120157540195056534e-01,2.408561283520755658e-01,1.047207120068812114e-01,1.500042149321971496e-01,1.173212890506584727e-01,4.034976454311497984e-01,1.572743979533589020e-01,3.658571286928071764e-01,1.723923595709669632e-01,4.945634532952772333e-01,1.795034355809751458e-01,3.453732118251227612e-01,2.585441363817279625e-01,1.166092802219271529e-01,4.664723995644724786e-02,1.786358341695550023e-01,2.276783210004241775e-01
2.301049620955649688e-01,3.432630399181987313e-01,5.063013640968357931e-01,2.141086844036420300e-01,2.416093096554731978e-01,4.066201191417099792e-01,1.276796434161538152e-01,4.426192580378775498e-01,4.714591200046248654e-01,3.894006841934081753e-01,2.118149421614161920e-01,4.589569076146728377e-01,2.947808793960818852e-01,3.204709527265973690e-01,1.709812855731297487e-01,4.398414632565973981e-01,1.000000000000000000e+00,4.206981187029865121e-01,4.988518012405163127e-01,1.819438673253101768e-01,1.660162098826727939e-01,1.694281295290656630e-01,2.220990832476531507e-01,4.183269637838975541e-01,4.514969735586946697e-01,1.512752710280945156e-01,3.136164817720910603e-01,2.037821567707802373e-01,4.660163365090101983e-01,2.957059832606779848e-01,4.493905240010760971e-01,2.864400518569977794e-01,2.462893528331330795e-01,4.578797444660946958e-01,3.834478315041835450e-01,4.800742407789042043e-01,1.362662948531084273e-01,1.869763870700648645e-01,4.018650946000594804e-01,3.463794328477451390e-01
1.806748385656178346e-01,3.370843051502181997e-01,1.994347094371478613e-01,7.025389547915634747e-01,1.614683515985569084e-01,5.613984783979812931e-01,2.675151033934567435e-01,5.222059991763998710e-01,3.961722715006121831e-01,5.155380872196778652e-01,1.106270986989236760e-01,5.621017653614996945e-01,2.351045667376067960e-01,7.636085119388885678e-01,2.507517450103787793e-01,2.784295627357178948e-01,4.206981187029865121e-01,1.000000000000000222e+00,5.080181440376732027e-01,2.303854428718538072e-01,1.457487774738284725e-01,1.341519647876684707e-01,2.414498184303895401e-01,4.232928806424215984e-01,3.119222774279888921e-01,1.867920694239942891e-01,3.825252585661865767e-01,2.085120919074301693e-01,4.480665265086704041e-01,3.722482759667485874e-01,4.496447695730003691e-01,4.293281958706364199e-01,2.159354171931128219e-01,4.900454633982228025e-01,3.022385657325434294e-01,4.225156130502901175e-01,1.528898277568925546e-01,3.179444634263938751e-01,3.745375066832958844e-01,3.893431113073948513e-01
1.594178965778569601e-01,3.692017297274818866e-01,2.612615436721285045e-01,2.837518630924445451e-01,2.244079660307057578e-01,6.862623089179297198e-01,2.177057470871469058e-01,3.676796996657158423e-01,6.447677869223654712e-01,5.605757796257145875e-01,1.053631669894352918e-01,6.368135454257713990e-01,3.031224780728388746e-01,4.550732118477310295e-01,2.432083698060574783e-01,3.058309445914239588e-01,4.988518012405163127e-01,5.080181440376732027e-01,9.999999999999998890e-01,3.562600065006696903e-01,1.548834223549142020e-01,2.114571753369262064e-01,2.201948312210954828e-01,5.553284569001165627e-01,5.093277993690565886e-01,2.231877263178748960e-01,7.257974396927734384e-01,2.613452736127696574e-01,6.078369868861798198e-01,2.812989576046798779e-01,5.852310146909109889e-01,4.012566110126571384e-01,2.250092862980719866e-01,4.790546706291773371e-01,2.518566599986826193e-01,4.511619395939620580e-01,1.798730482453331503e-01,3.553586231746403423e-01,5.655728768072157964e-01,5.042589243259180121e-01
6.910294645160085236e-02,2.319582361679080051e-01,8.787027285123023834e-02,1.441056808427390035e-01,5.589521114160894005e-02,3.371885093721478377e-01,1.374257453185374345e-01,2.261852139604711154e-01,3.594194933478735976e-01,2.149849382962545907e-01,8.088517539939771295e-02,3.664147673456502052e-01,1.280179038136511349e-01,1.982404342503192030e-01,1.011140894906831927e-01,8.521038214990804549e-02,1.819438673253101768e-01,2.303854428718538072e-01,3.562600065006696903e-01,1.000000000000000222e+00,8.148921224407262853e-02,8.771875173674079096e-02,1.101089160707353076e-01,2.553876281785139590e-01,2.176300639461707653e-01,1.409358064797351928e-01,3.226617930276453050e-01,8.292117848420652026e-02,3.010522589877764887e-01,1.388529692646476299e-01,2.249501188847983502e-01,2.565043712322447877e-01,7.669886478137549757e-02,1.876445601458593404e-01,1.095663030461028198e-01,2.047248027791649105e-01,5.538107503909277946e-02,1.801394505093106280e-01,3.353664094278809293e-01,2.522765269160761048e-01
9.059148377416054165e-02,1.103206338549071880e-01,5.442065267530588057e-02,9.245219725249317899e-02,2.431464563560526912e-02,1.808042781517067710e-01,5.500316043863474197e-02,2.220770431370060749e-01,1.369817292204975889e-01,7.275106116965186775e-02,5.790714654404253980e-02,1.277815774134475335e-01,6.806677270093214327e-02,1.359666529474113927e-01,5.024556871209668457e-02,3.156256462441552751e-02,1.660162098826727939e-01,1.457487774738284725e-01,1.548834223549142020e-01,8.148921224407262853e-02,1.000000000000000222e+00,8.439217603132541379e-02,6.688538189774274889e-02,1.271927651024025718e-01,2.295808469917919870e-01,6.927754899580974846e-02,9.270999114868365421e-02,1.035727924825583790e-01,1.778407428983857785e-01,1.142897586777910368e-01,1.564752888995149804e-01,1.555943256444397571e-01,8.689285752986211642e-02,2.576237902463077156e-01,8.611419162819350381e-02,1.978196550109701246e-01,6.031834332186938180e-02,1.345516351410290246e-01,2.894551915147540733e-01,1.988708475384749208e-01
6.780632861507075726e-02,1.503925112872082082e-01,1.380567262022186492e-01,8.754299082485021699e-02,5.130192845906148685e-02,1.578370856287896751e-01,4.835541928322650146e-02,1.817607999280326792e-01,1.277069057313736655e-01,8.270160016327537944e-02,5.942343088072932211e-02,1.468184402806202438e-01,8.129071915480524935e-02,1.294040215195081944e-01,4.868072903687500896e-02,9.212731504264640159e-02,1.694281295290656630e-01,1.341519647876684707e-01,2.114571753369262064e-01,8.771875173674079096e-02,8.439217603132541379e-02,1.000000000000000666e+00,5.281488350528758258e-02,2.234289447430125863e-01,2.396732648246118480e-01,7.067088158278976573e-02,9.887576414557043558e-02,1.082496956630333851e-01,2.484097108792548136e-01,1.171012728961046967e-01,1.807683741553171575e-01,1.397097624034946695e-01,9.369279919298095782e-02,1.303380963885099886e-01,1.383854485362093767e-01,2.292445083129892314e-01,4.901722370547308139e-02,1.275032450478095492e-01,2.424397917181563278e-01,1.817776027049759491e-01
2.177458045190277247e-01,1.576682660808169101e-01,1.145416294248849526e-01,1.100268176684149335e-01,6.786609868869585005e-02,3.318461375994034568e-01,1.597900502068618223e-01,2.248194513028254349e-01,1.990183280483875661e-01,3.362096512599430653e-01,7.242838668670807667e-02,2.553009749160417008e-01,2.023992780660040514e-01,2.616051703909180182e-01,1.280126964649023480e-01,1.614354153869360375e-01,2.220990832476531507e-01,2.414498184303895401e-01,2.201948312210954828e-01,1.101089160707353076e-01,6.688538189774274889e-02,5.281488350528758258e-02,9.999999999999996669e-01,2.015323146019747103e-01,1.935503291750959587e-01,1.327253426681578585e-01,1.808354476723597892e-01,1.453678787401742334e-01,3.436300108727147751e-01,1.420058407102580689e-01,1.926213223989152179e-01,1.727309098403055909e-01,1.169284732278772637e-01,1.555498263630809563e-01,1.902707815729733354e-01,2.098402860367529210e-01,8.429698049727275821e-02,1.391598694279631565e-01,1.837832530689963717e-01,1.324691036206510075e-01
2.027224872869566041e-01,5.261519706745934055e-01,4.299495602216938384e-01,2.229809395622015245e-01,3.268754753834325344e-01,4.421904444496276843e-01,1.871560116589958134e-01,3.838960985013185057e-01,4.362318194899280632e-01,4.225699425688655975e-01,1.568135040382838685e-01,5.969153975103720366e-01,3.351780775634236598e-01,4.513019758833211048e-01,1.863087886598189802e-01,3.120157540195056534e-01,4.183269637838975541e-01,4.232928806424215984e-01,5.553284569001165627e-01,2.553876281785139590e-01,1.271927651024025718e-01,2.234289447430125863e-01,2.015323146019747103e-01,1.000000000000000444e+00,4.925197076613110903e-01,2.072502938447293719e-01,3.911502424691306601e-01,2.691973351580848606e-01,6.663074357535366810e-01,3.058077696673771051e-01,5.584586491680968434e-01,3.995410491421985122e-01,2.200943530967476025e-01,3.475593103504105996e-01,5.295457367657813164e-01,5.490037015746315197e-01,1.735656282907424575e-01,2.567277346583486941e-01,4.412719561900012577e-01,7.118603115802827341e-01
2.483029407415416057e-01,6.531010528284434402e-01,2.700076450880566359e-01,2.418041179608547420e-01,1.521507278780401817e-01,4.843379037009357679e-01,1.290229537243763880e-01,5.132868290466645611e-01,4.091475846800017302e-01,2.386458860981267582e-01,2.029144708164541400e-01,4.515457768599677180e-01,2.192383002879414178e-01,3.628867086494072525e-01,1.063367988276914672e-01,2.408561283520755658e-01,4.514969735586946697e-01,3.119222774279888921e-01,5.093277993690565886e-01,2.176300639461707653e-01,2.295808469917919870e-01,2.396732648246118480e-01,1.935503291750959587e-01,4.925197076613110903e-01,1.000000000000000000e+00,1.855915382459771557e-01,3.061194000936797721e-01,2.821750863517559771e-01,5.821084815919324029e-01,2.299162247794138136e-01,5.019703881972483739e-01,3.274768847935711769e-01,3.921352015625101939e-01,4.545385584513632615e-01,3.375556115951610092e-01,7.736354708463843988e-01,1.587902628632933688e-01,4.539480557802869076e-01,7.422901311018145210e-01,4.299831145436091573e-01
6.304167042955026445e-02,1.582369050399163035e-01,8.317949388749833195e-02,1.025919727264489323e-01,5.669387387165817499e-02,2.349854707010579080e-01,8.777324628301320930e-02,1.843891573023694885e-01,2.101101448955911000e-01,1.503487764275304173e-01,5.539262669012202239e-02,2.581018384078566097e-01,1.001262071702984785e-01,1.639837044906058416e-01,8.895054459921054868e-02,1.047207120068812114e-01,1.512752710280945156e-01,1.867920694239942891e-01,2.231877263178748960e-01,1.409358064797351928e-01,6.927754899580974846e-02,7.067088158278976573e-02,1.327253426681578585e-01,2.072502938447293719e-01,1.855915382459771557e-01,9.999999999999992228e-01,1.799952757312337226e-01,5.990741644052042375e-02,2.174354306308768636e-01,1.290918056089229160e-01,1.789565774834256939e-01,1.844343915174649629e-01,7.632108342618212915e-02,1.575060756838428111e-01,1.133603827331521041e-01,1.822511339645896122e-01,4.600133390056009020e-02,1.265911814943311564e-01,2.169320381190332214e-01,2.109477235974396570e-01
5.675426076854123841e-02,3.195708784887548171e-01,9.415455283380481932e-02,1.539152449833716962e-01,1.112056100298541156e-01,6.892717952007166859e-01,2.269802874862501818e-01,2.356262417508535600e-01,5.017069568911830535e-01,3.943669820029975237e-01,8.670649411083385105e-02,5.047385861598487899e-01,2.091189164817109647e-01,4.327319157180020137e-01,1.686725697367005561e-01,1.500042149321971496e-01,3.136164817720910603e-01,3.825252585661865767e-01,7.257974396927734384e-01,3.226617930276453050e-01,9.270999114868365421e-02,9.887576414557043558e-02,1.808354476723597892e-01,3.911502424691306601e-01,3.061194000936797721e-01,1.799952757312337226e-01,9.999999999999997780e-01,5.047214072642128985e-02,4.626580078259184825e-01,1.758409943302942924e-01,4.838640276501726123e-01,4.075940232383339357e-01,1.066278019381672465e-01,2.294167730256840843e-01,1.728568408453033944e-01,2.186943490185317418e-01,7.163187180494386130e-02,3.190641195943247355e-01,4.342411190406506583e-01,2.892699970748292548e-01
1.872751803350805322e-01,2.378326973198760519e-01,3.342180119010410011e-01,1.893755244631911139e-01,2.110969899477518619e-01,1.415457291425156194e-01,4.603980517890655239e-02,2.011304565661667099e-01,1.381997867762129739e-01,1.748719638511094521e-01,1.632176784874991571e-01,2.252254162381756297e-01,3.467217237380591510e-01,2.520804563464721371e-01,4.398304913291319063e-02,1.173212890506584727e-01,2.037821567707802373e-01,2.085120919074301693e-01,2.613452736127696574e-01,8.292117848420652026e-02,1.035727924825583790e-01,1.082496956630333851e-01,1.453678787401742334e-01,2.691973351580848606e-01,2.821750863517559771e-01,5.990741644052042375e-02,5.047214072642128985e-02,9.999999999999993339e-01,3.326825233275649829e-01,2.561344543093259651e-01,2.542733137160512746e-01,1.251906803227780807e-01,1.532614191807937509e-01,1.289739618596129622e-01,3.315766943070990180e-01,3.009734265010331478e-01,1.388811400325980772e-01,1.335098301564333900e-01,2.337595548515439825e-01,1.515591492312823862e-01
3.187266824404899057e-01,4.886549518051006014e-01,4.445635915834497132e-01,2.674512790880225199e-01,3.606630468411762269e-01,6.201707259412533313e-01,2.615291639320839745e-01,4.237228269978519646e-01,5.965263732772851935e-01,6.063167134070481801e-01,1.753770775737795717e-01,7.083990472791605875e-01,3.687396201049304989e-01,4.623066913268045752e-01,1.717689011222315598e-01,4.034976454311497984e-01,4.660163365090101983e-01,4.480665265086704041e-01,6.078369868861798198e-01,3.010522589877764887e-01,1.778407428983857785e-01,2.484097108792548136e-01,3.436300108727147751e-01,6.663074357535366810e-01,5.821084815919324029e-01,2.174354306308768636e-01,4.626580078259184825e-01,3.326825233275649829e-01,9.999999999999998890e-01,2.885911830652121424e-01,5.549343611793668973e-01,4.114004483465254491e-01,2.701838909910977971e-01,3.755257407012098092e-01,5.374494077977890472e-01,5.543850043596759702e-01,2.034366814190479156e-01,2.914050308444934845e-01,5.787848377860250748e-01,4.664586746992221422e-01
1.355312392751811812e-01,2.096693664923832690e-01,2.014146175700302355e-01,1.708240409939962567e-01,1.242633925668694961e-01,2.462377153612428093e-01,1.413520980629624779e-01,3.227558769819412476e-01,4.053888013425636094e-01,2.250014440419684236e-01,1.377905048447251035e-01,3.022003216492621935e-01,1.893740148990551431e-01,3.549042268342578743e-01,1.509607855041855129e-01,1.572743979533589020e-01,2.957059832606779848e-01,3.722482759667485874e-01,2.812989576046798779e-01,1.388529692646476299e-01,1.142897586777910368e-01,1.171012728961046967e-01,1.420058407102580689e-01,3.058077696673771051e-01,2.299162247794138136e-01,1.290918056089229160e-01,1.758409943302942924e-01,2.561344543093259651e-01,2.885911830652121424e-01,1.000000000000000222e+00,3.298975417197498317e-01,2.889686800394059563e-01,1.336646537196625739e-01,2.382847597701802933e-01,2.194173050414496007e-01,3.432167861704893963e-01,1.008998415670233212e-01,2.359412769227327289e-01,2.885784732621637372e-01,2.949281615769600018e-01
2.050295254659693645e-01,4.391286306871083900e-01,3.267200917021418349e-01,2.368108120528621130e-01,3.358622885680244141e-01,5.112178120427185446e-01,1.852730101819170250e-01,4.107448146228394048e-01,4.907989840787451152e-01,4.311071856444372297e-01,1.410883543169055843e-01,4.845445231639122219e-01,2.845551085420081616e-01,6.190949638982986558e-01,2.312984361519713761e-01,3.658571286928071764e-01,4.493905240010760971e-01,4.496447695730003691e-01,5.852310146909109889e-01,2.249501188847983502e-01,1.564752888995149804e-01,1.807683741553171575e-01,1.926213223989152179e-01,5.584586491680968434e-01,5.019703881972483739e-01,1.789565774834256939e-01,4.838640276501726123e-01,2.542733137160512746e-01,5.549343611793668973e-01,3.298975417197498317e-01,1.000000000000000222e+00,3.409966576661915827e-01,2.226080959744857479e-01,3.391344130940739943e-01,4.857531950712933311e-01,5.292961855036728558e-01,1.816325955387330382e-01,2.965264672991289596e-01,5.157989431069489594e-01,4.120979479716820326e-01
1.986914626267861639e-01,2.730730075629688725e-01,2.000661886994421212e-01,2.030075958689049609e-01,1.233521542953495004e-01,5.067089858866379304e-01,2.147788814620882614e-01,4.815450271343291733e-01,2.901866442584994377e-01,3.339942904478855334e-01,9.039303632443354553e-02,4.440942306146129503e-01,1.584180556177662014e-01,4.640010013772738473e-01,2.467949335236210850e-01,1.723923595709669632e-01,2.864400518569977794e-01,4.293281958706364199e-01,4.012566110126571384e-01,2.565043712322447877e-01,1.555943256444397571e-01,1.397097624034946695e-01,1.727309098403055909e-01,3.995410491421985122e-01,3.274768847935711769e-01,1.844343915174649629e-01,4.075940232383339357e-01,1.251906803227780807e-01,4.114004483465254491e-01,2.889686800394059563e-01,3.409966576661915827e-01,1.000000000000000444e+00,1.205271551592649176e-01,5.021995347791305964e-01,2.088373117197208084e-01,3.723441310331759846e-01,1.109562168691818340e-01,3.326318938680549731e-01,4.502143124825131459e-01,5.140670008661161194e-01
2.258098160110958985e-01,1.538213663341476689e-01,1.376594996627591438e-01,1.316868341094993844e-01,1.241101100324043804e-01,1.902814011753647117e-01,7.573613707754195401e-02,2.275520918482591137e-01,1.907770587811903062e-01,1.968537442663272352e-01,1.025832965984725953e-01,1.781990608916634855e-01,1.202014898160461420e-01,1.848574583773650026e-01,5.486697490539130251e-02,4.945634532952772333e-01,2.462893528331330795e-01,2.159354171931128219e-01,2.250092862980719866e-01,7.669886478137549757e-02,8.689285752986211642e-02,9.369279919298095782e-02,1.169284732278772637e-01,2.200943530967476025e-01,3.921352015625101939e-01,7.632108342618212915e-02,1.066278019381672465e-01,1.532614191807937509e-01,2.701838909910977971e-01,1.336646537196625739e-01,2.226080959744857479e-01,1.205271551592649176e-01,1.000000000000000222e+00,2.131109777069992162e-01,1.807037448419947789e-01,2.500467206044579838e-01,8.087890368193692558e-02,1.103762928329825449e-01,2.382498120239697204e-01,1.772007351782497186e-01
3.989512456200356438e-01,3.235056943763012782e-01,1.577922249300300617e-01,1.928858525827547854e-01,9.140710210466389263e-02,5.908420071884824543e-01,1.531440657448067677e-01,5.444702661866938076e-01,4.437789073809315088e-01,2.564241169202814419e-01,9.910646717181544052e-02,5.185860557238788360e-01,1.575980518132319153e-01,3.411353319366430825e-01,2.531577670773905164e-01,1.795034355809751458e-01,4.578797444660946958e-01,4.900454633982228025e-01,4.790546706291773371e-01,1.876445601458593404e-01,2.576237902463077156e-01,1.303380963885099886e-01,1.555498263630809563e-01,3.475593103504105996e-01,4.545385584513632615e-01,1.575060756838428111e-01,2.294167730256840843e-01,1.289739618596129622e-01,3.755257407012098092e-01,2.382847597701802933e-01,3.391344130940739943e-01,5.021995347791305964e-01,2.131109777069992162e-01,9.999999999999997780e-01,2.718447876544040076e-01,5.169827242236247899e-01,1.550036635444786148e-01,2.362706101097097333e-01,3.860619647702742685e-01,4.166199025142295898e-01
2.210886441597869068e-01,4.214009953366562033e-01,4.603809526595999957e-01,1.715647432790636251e-01,3.103711240509376412e-01,3.066017736547033690e-01,9.799671732847489714e-02,3.048012752781722456e-01,3.388561200233737303e-01,3.765675300462771324e-01,7.717238611285673344e-02,3.710911525664577493e-01,2.917358607812586824e-01,4.175907373607271045e-01,1.529922145132605882e-01,3.453732118251227612e-01,3.834478315041835450e-01,3.022385657325434294e-01,2.518566599986826193e-01,1.095663030461028198e-01,8.611419162819350381e-02,1.383854485362093767e-01,1.902707815729733354e-01,5.295457367657813164e-01,3.375556115951610092e-01,1.133603827331521041e-01,1.728568408453033944e-01,3.315766943070990180e-01,5.374494077977890472e-01,2.194173050414496007e-01,4.857531950712933311e-01,2.088373117197208084e-01,1.807037448419947789e-01,2.718447876544040076e-01,1.000000000000000666e+00,4.848470628893267742e-01,1.923103246109986453e-01,1.320558551754266452e-01,2.952272183944150141e-01,2.235375823850718480e-01
2.049169625038423648e-01,7.078506500559956782e-01,2.682293906035841946e-01,2.413808473497006946e-01,1.561288642583386066e-01,5.061438758792440318e-01,1.661840246909100927e-01,4.982759935424995734e-01,4.392191123463413671e-01,3.567812027005071718e-01,1.742294384015866671e-01,5.781792152841298549e-01,2.274559301332106098e-01,4.988256307922054877e-01,1.846310185531130077e-01,2.585441363817279625e-01,4.800742407789042043e-01,4.225156130502901175e-01,4.511619395939620580e-01,2.047248027791649105e-01,1.978196550109701246e-01,2.292445083129892314e-01,2.098402860367529210e-01,5.490037015746315197e-01,7.736354708463843988e-01,1.822511339645896122e-01,2.186943490185317418e-01,3.009734265010331478e-01,5.543850043596759702e-01,3.432167861704893963e-01,5.292961855036728558e-01,3.723441310331759846e-01,2.500467206044579838e-01,5.169827242236247899e-01,4.848470628893267742e-01,9.999999999999997780e-01,1.501013323886477013e-01,3.593563615844476145e-01,5.967916229544368845e-01,4.697936207176399703e-01
8.711539179384827913e-02,1.185353143676015492e-01,2.036582095811656501e-01,7.552926426343423150e-02,1.725805236621578975e-01,1.403181694896172282e-01,4.256330829740088278e-02,1.746289465844874100e-01,1.389022047073857069e-01,1.424694059770879595e-01,5.034046266779580031e-02,1.258216009351864895e-01,1.134993241885810106e-01,1.374544794977839712e-01,7.388170967658162780e-02,1.166092802219271529e-01,1.362662948531084273e-01,1.528898277568925546e-01,1.798730482453331503e-01,5.538107503909277946e-02,6.031834332186938180e-02,4.901722370547308139e-02,8.429698049727275821e-02,1.735656282907424575e-01,1.587902628632933688e-01,4.600133390056009020e-02,7.163187180494386130e-02,1.388811400325980772e-01,2.034366814190479156e-01,1.008998415670233212e-01,1.816325955387330382e-01,1.109562168691818340e-01,8.087890368193692558e-02,1.550036635444786148e-01,1.923103246109986453e-01,1.501013323886477013e-01,1.000000000000000666e+00,8.965874631057163535e-02,1.382736133114851051e-01,1.118117244964740714e-01
1.028077018134262999e-01,5.789424157570614016e-01,9.055112494853742588e-02,1.543938533886458908e-01,7.306887792330643561e-02,3.766044704435909107e-01,1.794770355932871486e-01,3.485625519096215985e-01,1.941622817610069440e-01,2.664219750407063048e-01,8.372333674838203232e-02,3.299301206265650710e-01,1.364395610553521265e-01,3.391162878149605597e-01,1.380494348170373808e-01,4.664723995644724786e-02,1.869763870700648645e-01,3.179444634263938751e-01,3.553586231746403423e-01,1.801394505093106280e-01,1.345516351410290246e-01,1.275032450478095492e-01,1.391598694279631565e-01,2.567277346583486941e-01,4.539480557802869076e-01,1.265911814943311564e-01,3.190641195943247355e-01,1.335098301564333900e-01,2.914050308444934845e-01,2.359412769227327289e-01,2.965264672991289596e-01,3.326318938680549731e-01,1.103762928329825449e-01,2.362706101097097333e-01,1.320558551754266452e-01,3.593563615844476145e-01,8.965874631057163535e-02,9.999999999999997780e-01,6.344661244874643113e-01,3.121115622377507726e-01
1.905786127816348208e-01,5.235049821334208930e-01,2.088210615719387209e-01,3.021503048754344833e-01,1.112321126981541120e-01,5.589646038113652571e-01,1.600133279178364565e-01,5.417729230807066809e-01,5.430422293165227954e-01,3.111633773309707696e-01,1.904404619048506719e-01,4.650405881001551389e-01,2.339795444985405259e-01,3.740595914126726429e-01,1.300686627695965547e-01,1.786358341695550023e-01,4.018650946000594804e-01,3.745375066832958844e-01,5.655728768072157964e-01,3.353664094278809293e-01,2.894551915147540733e-01,2.424397917181563278e-01,1.837832530689963717e-01,4.412719561900012577e-01,7.422901311018145210e-01,2.169320381190332214e-01,4.342411190406506583e-01,2.337595548515439825e-01,5.787848377860250748e-01,2.885784732621637372e-01,5.157989431069489594e-01,4.502143124825131459e-01,2.382498120239697204e-01,3.860619647702742685e-01,2.952272183944150141e-01,5.967916229544368845e-01,1.382736133114851051e-01,6.344661244874643113e-01,9.999999999999994449e-01,5.417337691586636694e-01
1.446418415277312963e-01,2.917649307003321590e-01,1.940806687898831984e-01,2.288681812109409908e-01,1.562603542831930981e-01,3.916695100916975369e-01,1.388918590464118530e-01,4.358723238498670716e-01,3.919455275832295915e-01,3.169753852205928202e-01,1.321561577943537180e-01,3.855588008145953705e-01,1.902677772944846302e-01,3.870397261227898622e-01,1.976790837677290802e-01,2.276783210004241775e-01,3.463794328477451390e-01,3.893431113073948513e-01,5.042589243259180121e-01,2.522765269160761048e-01,1.988708475384749208e-01,1.817776027049759491e-01,1.324691036206510075e-01,7.118603115802827341e-01,4.299831145436091573e-01,2.109477235974396570e-01,2.892699970748292548e-01,1.515591492312823862e-01,4.664586746992221422e-01,2.949281615769600018e-01,4.120979479716820326e-01,5.140670008661161194e-01,1.772007351782497186e-01,4.166199025142295898e-01,2.235375823850718480e-01,4.697936207176399703e-01,1.118117244964740714e-01,3.121115622377507726e-01,5.417337691586636694e-01,9.999999999999997780e-01
